project_id,utility,state,project_name,name_a,lat_a,lon_a,name_b,lat_b,lon_b,lat_center,lon_center,in_service_date,overlap_count,overlap_1,overlap_2,overlap_3,overlap_4,overlap_5,overlap_6,overlap_7,overlap_8,overlap_9,overlap_10,overlap_11,overlap_12,overlap_13,overlap_14,overlap_15,overlap_16,confidence
"DESC_0139 M,N",Dominion Energy South Carolina,SC,"Okatie 230-115kV Substation, Jasper – Yemassee 230kV #1 Fold-in",Okatie,32.335802,-81.031444,,,,32.335802,-81.031444,12/31/2024,12,GPC_20277,GPC_20065,GPC_20785,GPC_20989,GPC_20783,GPC_20066,GPC_20067,GPC_20784,GPC_21006,GPC_20407,GPC_21023,GPC_20796,,,,,verified
"DESC_0147 B, J",Dominion Energy South Carolina,SC,Jack Primus 115 kV Tap: Construct,Jack Primus,32.919384,-79.904495,Clements Ferry,,,32.919384,-79.904495,12/31/2027,0,,,,,,,,,,,,,,,,,low
"DESC_0147 C, K",Dominion Energy South Carolina,SC,Cainhoy 115 kV Tap: Construct,Cainhoy,32.941402,-79.842276,Clements Ferry,,,32.941402,-79.842276,12/31/2027,0,,,,,,,,,,,,,,,,,low
DESC_0167C-D,Dominion Energy South Carolina,SC,Union Pier 115-13.8 kV Sub: Tap,Union Pier,32.784336,-79.925588,,,,32.784336,-79.925588,12/31/2027,0,,,,,,,,,,,,,,,,,verified
DESC_05004 P,Dominion Energy South Carolina,SC,Summerville: Replace and Spare 230-115kV 336MVA Auto Bank,Summerville,32.987370,-80.220832,,,,32.98737,-80.220832,12/31/2024,0,,,,,,,,,,,,,,,,,verified
DESC_06005 B,Dominion Energy South Carolina,SC,Harleyville 115KV Transmission Tap – Construct (1.4 miles),Blue Circle,,,Harleyville,33.209907,-80.451166,33.209907,-80.451166,3/31/2027,0,,,,,,,,,,,,,,,,,low
DESC_06076A,Dominion Energy South Carolina,SC,Canadys-Ritter 115KV-Rebld SPDC 230/115KV 1272 (Approx 18 Miles),Canadys,33.064096,-80.620600,Ritter,32.789620,-80.630382,32.926858,-80.625491,6/1/2026,0,,,,,,,,,,,,,,,,,low
"DESC_06367 A - C, H",Dominion Energy South Carolina,SC,Riverport Tap: Construct Tap,Okatie,32.335802,-81.031444,Riverport,32.211320,-81.075840,32.273561,-81.053642,12/31/2025,16,GPC_20277,GPC_20065,GPC_20785,GPC_20989,GPC_20783,GPC_20066,GPC_20067,GPC_21006,GPC_20784,GPC_20407,GPC_21023,GPC_20796,GPC_17075,GPC_20787,GPC_19966,GPC_19523,low
DESC_06367 D - G,Dominion Energy South Carolina,SC,Jasper – Okatie 230 kV #2: Construct,Jasper,32.360699,-81.124152,Okatie,32.335802,-81.031444,32.3482505,-81.077798,12/31/2025,12,GPC_20277,GPC_20065,GPC_20785,GPC_20989,GPC_20783,GPC_20784,GPC_20066,GPC_20067,GPC_20796,GPC_21006,GPC_21023,GPC_20407,,,,,verified
DESC_06371 D,Dominion Energy South Carolina,SC,Wagener 115kV Tap: Construct Tap,Wagener,33.650112,-81.360566,,,,33.650112,-81.360566,12/31/2025,0,,,,,,,,,,,,,,,,,verified
DESC_06372 A,Dominion Energy South Carolina,SC,Church Creek - Ritter 230kV - Replace 38 Large Angles and Dead Ends,Church Creek,32.830320,-80.070279,Ritter,32.789620,-80.630382,32.80997,-80.3503305,6/1/2024,0,,,,,,,,,,,,,,,,,low
DESC_06810 F,Dominion Energy South Carolina,SC,VCS2-Ward 230kV: Rebuild Line,VCS2,34.295984,-81.314549,Ward,33.872180,-81.697723,34.084082,-81.506136,12/31/2029,0,,,,,,,,,,,,,,,,,verified
DESC_06810 G,Dominion Energy South Carolina,SC,Goose Creek Reservoir: Rebuild Transmission Line Crossings,Goose Creek Reservoir,33.012170,-80.009592,,,,33.01217,-80.009592,12/31/2024,0,,,,,,,,,,,,,,,,,low
DESC_06810 H,Dominion Energy South Carolina,SC,Summerville 115kV Loop: Rebuild,Summerville,32.987370,-80.220832,,,,32.98737,-80.220832,12/31/2024,0,,,,,,,,,,,,,,,,,verified
"DESC_1060A, I, L",Dominion Energy South Carolina,SC,"Williams St Sub: Replace Sw House & Relays, AM Williams Sub: Replace Sw House, and McMeekin Sub: Add Sw House",Williams St,34.006319,-81.052210,McMeekin,34.055895,-81.216862,33.6989403,-81.037224,12/31/2028,0,,,,,,,,,,,,,,,,,low
DESC_5392 A-C,Dominion Energy South Carolina,SC,Coit – Gills Creek 115kV: Construct,Coit,33.980424,-81.041246,Gills Creek,33.987178,-81.026064,33.983801,-81.033655,12/31/2024,0,,,,,,,,,,,,,,,,,low
DESC_6341 A-F,Dominion Energy South Carolina,SC,Cainhoy - Hamlin 115kV: Rebuild Line and Cainhoy – Hamlin 115 kV #2: Construct New 115 kV Line,Cainhoy,32.941402,-79.842276,Hamlin,32.859937,-79.788441,32.9006695,-79.8153585,12/1/2025,0,,,,,,,,,,,,,,,,,verified
DESC_6359,Dominion Energy South Carolina,SC,Yemassee– Ritter 230kV #1 & #2: Construct SPDC with B-1272,Yemassee,32.697426,-80.863793,Ritter,32.789620,-80.630382,32.743523,-80.7470875,6/1/2026,0,,,,,,,,,,,,,,,,,low
DESC_6388 A,Dominion Energy South Carolina,SC,Williams-Summerville 230kV: Upgrade to SPDC B1272 ACSR,Ladson Jct,32.985728,-80.109812,Williams,33.017699,-79.932168,33.0017135,-80.02099,5/1/2027,0,,,,,,,,,,,,,,,,,low
DESC_6805 G,Dominion Energy South Carolina,SC,"Edenwood Sub: #1 & #2 230-115kV Autobanks, Replace with 336MVA",Edenwood,33.953765,-81.059815,,,,33.953765,-81.059815,12/25/2024,0,,,,,,,,,,,,,,,,,low
DESC_6807 B,Dominion Energy South Carolina,SC,Queensboro - Ft Johnson 115 kV & Queensboro-Bayfront 115kV (Queensboro-James Island Sect),Queensboro,32.722806,-79.967342,Ft Johnson,32.748894,-79.901444,32.73585,-79.934393,12/31/2023,0,,,,,,,,,,,,,,,,,low
DESC_6808 J,Dominion Energy South Carolina,SC,Eastover - Square D 115kV: Rebuild,Eastover,33.886495,-80.640356,Square D,,,33.886495,-80.640356,6/1/2024,0,,,,,,,,,,,,,,,,,low
DESC_6808 K,Dominion Energy South Carolina,SC,Burton-St Helena 115kV: Rebuild Burton-Frogmore Transmission Section,Burton,32.436488,-80.721016,Frogmore,32.399132,-80.571127,32.41781,-80.6460715,12/31/2024,0,,,,,,,,,,,,,,,,,verified
DESC_6808 L,Dominion Energy South Carolina,SC,Burton-St Helena 115kV: Frogmore Distribution - St Helena,Frogmore Distribution,32.399132,-80.571127,St Helena,32.412674,-80.495577,32.405903,-80.533352,12/31/2025,0,,,,,,,,,,,,,,,,,verified
"DESC_6808 N,O",Dominion Energy South Carolina,SC,VCS1-Denny Terrace 230kV & VCS1-Pineland 230kV: Rebuild Single Circuit Sections,VCS1,34.295984,-81.314549,Pineland,32.611892,-81.150313,33.453938,-81.232431,12/31/2026,0,,,,,,,,,,,,,,,,,low
DESC_6808 R,Dominion Energy South Carolina,SC,Wateree-Killian 230kV: Rebuild,Wateree,33.821307,-80.628422,Killian,34.135918,-80.928147,33.9786125,-80.7782845,12/31/2028,0,,,,,,,,,,,,,,,,,low
DESC_6808 S,Dominion Energy South Carolina,SC,Okatie-Bluffton 115kV: Rebuild,Okatie,32.335802,-81.031444,Bluffton,32.235027,-80.853384,32.2854145,-80.942414,6/1/2025,11,GPC_20277,GPC_20065,GPC_20785,GPC_20989,GPC_20067,GPC_20066,GPC_21006,GPC_20783,GPC_20407,GPC_21023,GPC_20784,,,,,,verified
DESC_6808 U,Dominion Energy South Carolina,SC,Hopkins-CIP 230kV: Rebuild,Hopkins,33.904321,-80.877034,CIP,33.943836,-80.934193,33.9240785,-80.9056135,12/31/2025,0,,,,,,,,,,,,,,,,,low
DESC_6808 V,Dominion Energy South Carolina,SC,Faber Place-Bayfront 115kV: Rebuild North Bridge Terrace to Bayfront Section,North Bridge Terrace,32.851667,-80.013524,Bayfront,32.742122,-79.963424,32.7968945,-79.988474,12/31/2028,0,,,,,,,,,,,,,,,,,low
DESC_6808 W,Dominion Energy South Carolina,SC,Square D - Hopkins 115kV: Rebuild,Square D,32.785812,-79.947399,Hopkins,,,32.785812,-79.947399,9/30/2024,0,,,,,,,,,,,,,,,,,low
DESC_6809 E,Dominion Energy South Carolina,SC,Stevens Creek - Hooks 115kV/LR Plumb Branch 46kV Rebuilds,Stevens Creek,33.562599,-82.051362,Hooks,33.655571,-82.149013,33.609085,-82.1001875,12/31/2024,6,GPC_20793,GPC_20794,GPC_17993,GPC_16007,GPC_21116,GPC_14222,,,,,,,,,,,verified
DESC_6809 G,Dominion Energy South Carolina,SC,Stevens Creek - Hooks 115kV/LR Plumb Branch 46kV,Stevens Creek,33.562599,-82.051362,Hooks,33.655571,-82.149013,33.609085,-82.1001875,12/31/2025,6,GPC_20793,GPC_20794,GPC_17993,GPC_16007,GPC_21116,GPC_14222,,,,,,,,,,,verified
DESC_6809 M,Dominion Energy South Carolina,SC,St George - Sumter 230kV Tie: Rebuild Line from Santee Substation - Duke/Progress Energy Tie,St George,33.199388,-80.592009,Sumter,33.897661,-80.323976,33.5485245,-80.4579925,12/31/2025,0,,,,,,,,,,,,,,,,,verified
DESC_6809 N,Dominion Energy South Carolina,SC,Batesburg - Saluda County 115kV: Rebuild,Batesburg,33.913487,-81.564435,Saluda County,34.000813,-81.746808,33.95715,-81.6556215,12/31/2025,0,,,,,,,,,,,,,,,,,verified
DESC_6810 A,Dominion Energy South Carolina,SC,Hooks - Thurmond 115kV Tie: Rebuild,Hooks,33.655571,-82.149013,Thurmond,33.660127,-82.195931,33.657849,-82.172472,12/31/2024,5,GPC_20793,GPC_20794,GPC_17993,GPC_16007,GPC_14222,,,,,,,,,,,,verified
DESC_6810 J,Dominion Energy South Carolina,SC,Elloree – Santee City 46 kV: Rebuild,Elloree,33.532384,-80.579724,Santee City,33.466450,-80.467118,33.499417,-80.523421,12/31/2027,0,,,,,,,,,,,,,,,,,verified
DESC_6810 O,Dominion Energy South Carolina,SC,Urquhart – Aiken PSA 46 kV: Rebuild,Urquhart,33.433378,-81.909209,Aiken PSA,33.473195,-81.912753,33.4532865,-81.910981,12/31/2027,5,GPC_16007,GPC_21116,GPC_20793,GPC_20794,GPC_17993,,,,,,,,,,,,verified
DESC_6810 T,Dominion Energy South Carolina,SC,Cameron Jct – Cameron – St Matthews 46 kV Rebuild,Cameron Jct,33.563666,-80.708996,St Matthews,33.686064,-80.761015,33.624865,-80.7350055,12/31/2028,0,,,,,,,,,,,,,,,,,verified
DESC_6810 U,Dominion Energy South Carolina,SC,Cameron Jct – Elloree 46 kV Rebuild,Cameron Jct,33.563666,-80.708996,Elloree,33.532384,-80.579724,33.548025,-80.64436,12/31/2026,0,,,,,,,,,,,,,,,,,verified
DESC_6846 A,Dominion Energy South Carolina,SC,Eastover – Sumter 115kV DEP Tie: Rebuild with 1272 ACSR,Eastover,33.886495,-80.640356,Sumter,33.897661,-80.323976,33.892078,-80.482166,5/31/2026,0,,,,,,,,,,,,,,,,,medium
"DESC_6847 A-B, D-H",Dominion Energy South Carolina,SC,Church Creek – Faber Place – Charleston Transmission: Add 230kV Line,Church Creek,32.830320,-80.070279,Charleston,32.845324,-79.974487,32.837822,-80.022383,5/1/2027,0,,,,,,,,,,,,,,,,,verified
DESC_6852,Dominion Energy South Carolina,SC,Urquhart – Toolebeck 115kV line: Rebuild,Urquhart,33.433378,-81.909209,Toolebeck,33.534632,-81.669327,33.484005,-81.789268,8/12/2026,4,GPC_16007,GPC_21116,GPC_20793,GPC_20794,,,,,,,,,,,,,verified
DESC_6853 B-F,Dominion Energy South Carolina,SC,Scout 230 kV Sub and Fold-in: Construct,Scout,34.205502,-80.992842,,,,34.205502,-80.992842,3/31/2026,0,,,,,,,,,,,,,,,,,verified
DESC_6859,Dominion Energy South Carolina,SC,Dawson 230kV Sub and Fold-in: Construct and Rebuild,Dawson,33.226834,-79.655349,,,,33.226834,-79.655349,10/1/2026,0,,,,,,,,,,,,,,,,,low
GPC_08458,Georgia Power,GA,GTC: BARNESVILLE - SOUTH GRIFFIN 230KV PROJECT,Barnesville,33.032069,-84.201258,South Griffin,32.911402,-84.307191,32.9717355,-84.2542245,6/1/2028,0,,,,,,,,,,,,,,,,,low
GPC_09661,Georgia Power,GA,MCGRAU FORD - MIDDLE FORK 500KV LINE PROJECT,McGrau Ford,34.326453,-84.337007,Middle Fork,34.142457,-82.812624,34.234455,-83.5748155,6/1/2033,0,,,,,,,,,,,,,,,,,low
GPC_09662,Georgia Power,GA,GTC: EAST WALTON 500/230KV PROJECT,East Walton,33.952553,-83.301477,,,,33.952553,-83.301477,6/1/2027,0,,,,,,,,,,,,,,,,,low
GPC_10143,Georgia Power,GA,LAWRENCEVILLE - WINDER 115KV LINE REBUILD,Lawrenceville,33.985981,-84.000799,Winder,33.995459,-83.753131,33.99072,-83.876965,6/1/2027,0,,,,,,,,,,,,,,,,,medium
GPC_10222,Georgia Power,GA,BLAKELY PRIMARY - HUCKLEBERRY 115KV REBUILD,Blakely Primary,31.371554,-84.905980,Huckleberry,31.457620,-84.726353,31.414587,-84.8161665,6/1/2029,0,,,,,,,,,,,,,,,,,low
GPC_10478,Georgia Power,GA,CORNELIA - TALLULAH LODGE 115KV REBUILD,Cornelia,34.511488,-83.527117,Tallulah Lodge,34.531330,-83.539906,34.521409,-83.5335115,6/1/2030,0,,,,,,,,,,,,,,,,,low
GPC_10481,Georgia Power,GA,LAWRENCEVILLE - WINDER PRIMARY 230KV LINE REBUILD,Lawrenceville,33.985981,-84.000799,Winder Primary,33.995459,-83.753131,33.99072,-83.876965,6/1/2027,0,,,,,,,,,,,,,,,,,verified
GPC_10487,Georgia Power,GA,PINE GROVE PRIMARY - WEST VALDOSTA 115 KV RECONDUCTOR,Pine Grove Primary,30.881649,-83.227987,West Valdosta,30.815757,-83.314875,30.848703,-83.271431,12/31/2033,0,,,,,,,,,,,,,,,,,low
GPC_10811,Georgia Power,GA,BOWEN #10 500/230KV AUTOBANK REPLACEMENT,Bowen #10,34.127135,-84.918055,,,,34.127135,-84.918055,6/1/2031,0,,,,,,,,,,,,,,,,,verified
GPC_10814,Georgia Power,GA,GTC: BAY CREEK 230/115KV SECOND AUTO TRANSFORMER,Bay Creek,33.868120,-83.882351,,,,33.86812,-83.882351,6/1/2029,0,,,,,,,,,,,,,,,,,verified
GPC_11051,Georgia Power,GA,MEAG: SLAPPEY DRIVE - WESTOVER 115KV LINE REBUILD,Slappey Drive,31.559567,-84.154315,Westover,31.589340,-84.211298,31.5744535,-84.1828065,6/1/2029,0,,,,,,,,,,,,,,,,,low
GPC_11821,Georgia Power,GA,JESUP - LUDOWICI PRIMARY 115KV REBUILD,Jesup,31.603106,-81.924947,Ludowici Primary,31.721597,-81.743703,31.6623515,-81.834325,6/1/2025,0,,,,,,,,,,,,,,,,,medium
GPC_12120,Georgia Power,GA,GAINESVILLE #2 - MCEVER ROAD 115 KV REBUILD,Gainesville #2,34.263022,-83.809673,McEver Road,34.272883,-83.873801,34.2679525,-83.841737,6/1/2030,0,,,,,,,,,,,,,,,,,verified
GPC_12147,Georgia Power,GA,GTC: EAST SOCIAL CIRCLE - SNELLVILLE 230KV EQUIPMENT UPGRADE,East Social Circle,33.674150,-83.679326,Snellville,33.838869,-84.048121,33.7565095,-83.8637235,6/1/2033,0,,,,,,,,,,,,,,,,,verified
GPC_12217,Georgia Power,GA,GTC: CENTER PRIMARY - CLARKSBORO 230 KV REBUILD,Center Primary,34.053441,-83.398085,Clarksboro,34.041223,-83.498217,34.047332,-83.448151,6/1/2033,0,,,,,,,,,,,,,,,,,low
GPC_13166,Georgia Power,GA,FIRST AVENUE - NORTH COLUMBUS 115KV LINE REBUILD,First Avenue,33.853649,-84.214846,North Columbus,,,33.853649,-84.214846,12/1/2028,0,,,,,,,,,,,,,,,,,low
GPC_13628,Georgia Power,GA,SOUTH BAINBRIDGE - SINAI (FPL) 115KV LINE RECONDUCTOR,South Bainbridge,30.839608,-84.488921,Sinai,30.661859,-84.910198,30.7507335,-84.6995595,6/1/2029,0,,,,,,,,,,,,,,,,,low
GPC_13753,Georgia Power,GA,MEAG: ALCOVY ROAD - SKC 115 KV RECONDUCTOR,Alcovy Road,33.617266,-83.842566,SKC,33.619414,-83.814895,33.61834,-83.8287305,6/1/2025,0,,,,,,,,,,,,,,,,,low
GPC_13787,Georgia Power,GA,MEAG: AULTMAN ROAD - BONAIRE PRIMARY 115 KV REBUILD,Aultman Road,32.562253,-83.738810,Bonaire Primary,32.564795,-83.600023,32.563524,-83.6694165,6/1/2025,0,,,,,,,,,,,,,,,,,low
GPC_14222,Georgia Power,GA,THOMSON PRIMARY 230/115KV SECOND TRANSFORMER,Thomson Primary,33.453955,-82.414219,,,,33.453955,-82.414219,6/1/2033,3,DESC_6810 A,DESC_6809 E,DESC_6809 G,,,,,,,,,,,,,,verified
GPC_15879,Georgia Power,GA,POSSUM BRANCH - YATES COMMON 115KV REBUILD (YATES TO CLEM),Possum Branch,33.372661,-84.786199,Yates Common,33.461641,-84.904198,33.417151,-84.8451985,5/1/2027,0,,,,,,,,,,,,,,,,,low
GPC_16007,Georgia Power,GA,FENWICK STREET - SAND BAR FERRY 115KV (RECONDUCTOR/REBUILD),Fenwick Street,33.460786,-81.964795,Sand Bar Ferry,33.431500,-81.936140,33.446143,-81.9504675,6/1/2026,5,DESC_6810 O,DESC_6852,DESC_6809 E,DESC_6809 G,DESC_6810 A,,,,,,,,,,,,verified
GPC_16887,Georgia Power,GA,BUTLER - THOMASTON 230KV LINE CONVERSION,Butler,32.571022,-84.289729,Thomaston,32.899923,-84.312517,32.7354725,-84.301123,6/1/2029,0,,,,,,,,,,,,,,,,,verified
GPC_17075,Georgia Power,GA,SAV: LITTLE OGEECHEE 230- 115KV: RELAY MODERNIZATION,Little Ogeechee,32.006786,-81.253151,,,,32.006786,-81.253151,12/31/2025,1,"DESC_06367 A - C, H",,,,,,,,,,,,,,,,verified
GPC_17706,Georgia Power,GA,MEAG: AULTMAN ROAD - FORT VALLEY #1 115 KV REBUILD,Aultman Road,32.562253,-83.738810,Fort Valley #1,32.561358,-83.872258,32.5618055,-83.805534,6/1/2029,0,,,,,,,,,,,,,,,,,verified
GPC_17900,Georgia Power,GA,UNION CITY - YATES 230 KV WHITE LINE REBUILD,Union City,33.587056,-84.542430,Yates,33.457634,-84.896958,33.522345,-84.719694,6/1/2026,0,,,,,,,,,,,,,,,,,low
GPC_17977,Georgia Power,GA,ATHENA - EAST WATKINSVILLE 115 KV (REBUILD),Athena,33.976403,-83.346119,East Watkinsville,33.860546,-83.384765,33.9184745,-83.365442,12/31/2027,0,,,,,,,,,,,,,,,,,verified
GPC_17993,Georgia Power,GA,EVANS PRIMARY - THOMSON PRIMARY 115KV REBUILD,Evans Primary,33.543994,-82.168648,Thomson Primary,33.453955,-82.414219,33.4989745,-82.2914335,12/31/2034,4,DESC_6810 A,DESC_6809 E,DESC_6809 G,DESC_6810 O,,,,,,,,,,,,,high
GPC_18153,Georgia Power,GA,GTC: BONAIRE PRI- ECHECONNEE 115 KV PARTIAL REBUILD,Bonaire Pri,32.564795,-83.600023,Echeconnee,32.685144,-83.700462,32.6249695,-83.6502425,6/1/2025,0,,,,,,,,,,,,,,,,,low
GPC_18492,Georgia Power,GA,MITCHELL - NORTH TIFTON 230KV RECONDUCTOR,Mitchell,31.447121,-84.133843,North Tifton,31.478089,-83.549130,31.462605,-83.8414865,5/1/2025,0,,,,,,,,,,,,,,,,,verified
GPC_18573,Georgia Power,GA,GRID - ARKWRIGHT - LLOYD SHOALS 115KV,Arkwright,32.932915,-83.702957,Lloyd Shoals,33.320614,-83.841009,33.1267645,-83.771983,7/30/2027,0,,,,,,,,,,,,,,,,,verified
GPC_18668,Georgia Power,GA,JESUP - OFFERMAN 115KV REBUILD,Jesup,31.603106,-81.924947,Offerman,31.423072,-82.143662,31.513089,-82.0343045,6/1/2027,0,,,,,,,,,,,,,,,,,high
GPC_18669,Georgia Power,GA,DU: DAWSON CROSSING - NELSON (WHITE) 115 KV REBUILD,Dawson Crossing,34.378118,-84.133575,Nelson,34.386597,-84.378771,34.3823575,-84.256173,6/1/2030,0,,,,,,,,,,,,,,,,,verified
GPC_18670,Georgia Power,GA,GTC: BANKS CROSSING - POND FORK 115 KV,Banks Crossing,34.256773,-83.464051,Pond Fork,34.252051,-83.671813,34.254412,-83.567932,5/1/2025,0,,,,,,,,,,,,,,,,,low
GPC_18679,Georgia Power,GA,DU: EAST DALTON - OOSTANAULA 115KV REBUILD,East Dalton,34.771200,-84.931500,Oostanaula,34.481476,-85.014390,34.626338,-84.972945,6/1/2026,0,,,,,,,,,,,,,,,,,low
GPC_18690,Georgia Power,GA,PALMYRA REACTOR REMOVAL,Palmyra,31.637673,-84.194353,,,,31.637673,-84.194353,6/1/2026,0,,,,,,,,,,,,,,,,,low
GPC_18691,Georgia Power,GA,GTC: LIZARD LOPE - WESTOVER 115 KV NEW LINE,Lizard Lope,31.542000,-84.215000,Westover,31.589340,-84.211298,31.56567,-84.213149,3/1/2026,0,,,,,,,,,,,,,,,,,low
GPC_18700,Georgia Power,GA,DAWSON CROSSING - GAINESVILLE #1 115 KV,Dawson Crossing,34.378118,-84.133575,Gainesville #1,34.263022,-83.809673,34.32057,-83.971624,6/1/2034,0,,,,,,,,,,,,,,,,,verified
GPC_18736,Georgia Power,GA,CC - MICROSOFT - SHUGART (CCO06),Microsoft,,,Shugart,33.532000,-84.661000,33.532,-84.661,6/1/2027,0,,,,,,,,,,,,,,,,,low
GPC_18774,Georgia Power,GA,GTC: HEARD COUNTY - TENASKA 500KV (SECOND LINE),Heard County,33.358678,-84.994222,Tenaska,33.351627,-84.998090,33.3551525,-84.996156,12/1/2025,0,,,,,,,,,,,,,,,,,verified
GPC_18800,Georgia Power,GA,ECHECONNEE-WELLSTON 115KV REBUILD,Echeconnee,32.685144,-83.700462,Wellston,32.620097,-83.606568,32.6526205,-83.653515,6/1/2025,0,,,,,,,,,,,,,,,,,low
GPC_18832,Georgia Power,GA,MEAG: FORTSON 230KV SUBSTATION MODERNIZATION,Fortson,32.610165,-84.915634,,,,32.610165,-84.915634,1/13/2027,0,,,,,,,,,,,,,,,,,verified
GPC_18848,Georgia Power,GA,"BAINBRIDGE TRANSMISSION: EAST RIVER ROAD, EAST BAINBRIDGE",East River Road,30.923469,-84.555955,East Bainbridge,30.911476,-84.548767,30.9174725,-84.552361,12/31/2030,0,,,,,,,,,,,,,,,,,low
GPC_18889,Georgia Power,GA,JEFFERSON STREET#3 - NORTHWEST (WHITE) 115 KV RECONDUCTOR,Jefferson Street#3,33.825742,-84.472872,Northwest,33.821755,-84.484305,33.8237485,-84.4785885,12/1/2025,0,,,,,,,,,,,,,,,,,medium
GPC_18960,Georgia Power,GA,BLANKETS CREEK – WOODSTOCK 115KV LINE REBUILD,Blankets Creek,34.185757,-84.508012,Woodstock,34.086615,-84.513108,34.136186,-84.51056,6/1/2026,0,,,,,,,,,,,,,,,,,verified
GPC_19187,Georgia Power,GA,GRID - BREMEN - CROOKED CREEK (APC) 115 KV PROJECT,Bremen,33.709192,-85.142716,Crooked Creek,33.721500,-85.114000,33.715346,-85.128358,6/1/2025,0,,,,,,,,,,,,,,,,,low
GPC_19248,Georgia Power,GA,SANDERSVILLE #1 - WADLEY PRI. 115KV REBUILD/RECONDUCTOR,Sandersville #1,32.998477,-82.801938,Wadley Pri,32.808561,-82.397465,32.903519,-82.5997015,6/1/2027,0,,,,,,,,,,,,,,,,,verified
GPC_19287,Georgia Power,GA,GRADY-WEST END 115KV REBUILD,Grady,33.582400,-84.341500,West End,33.738163,-84.416317,33.6602815,-84.3789085,12/31/2026,0,,,,,,,,,,,,,,,,,low
GPC_19334,Georgia Power,GA,GTC: LAGRANGE - NORTH OPELIKA 230 KV,Lagrange,33.024106,-85.015680,North Opelika,32.654855,-85.451059,32.8394805,-85.2333695,6/1/2026,0,,,,,,,,,,,,,,,,,low
GPC_19358,Georgia Power,GA,GTC: EAST MOULTRIE - HIGHWAY 112 230 KV LINE,East Moultrie,31.242178,-83.743474,Highway 112,31.102481,-83.736895,31.1723295,-83.7401845,6/1/2027,0,,,,,,,,,,,,,,,,,low
GPC_19363,Georgia Power,GA,MORROW - MOUNTAIN VIEW 115 KV REBUILD,Morrow,33.605931,-84.333462,Mountain View,33.641776,-84.390204,33.6238535,-84.361833,12/31/2026,0,,,,,,,,,,,,,,,,,verified
GPC_19523,Georgia Power,GA,SAV: CC - HYUNDAI MOTORS SAVANNAH AKA. PROJECT EA,Hyundai Motors Savannah,32.166622,-81.460932,,,,32.166622,-81.460932,4/25/2025,1,"DESC_06367 A - C, H",,,,,,,,,,,,,,,,verified
GPC_19597,Georgia Power,GA,ADAMSVILLE - BUZZARD ROOST 230KV REBUILD AND JUMPER UPGRADE,Adamsville,33.759274,-84.505209,Buzzard Roost,33.722500,-84.588800,33.740887,-84.5470045,6/1/2026,0,,,,,,,,,,,,,,,,,low
GPC_19598,Georgia Power,GA,MEAG: DRESDEN - LAGRANGE PRIMARY 230KV UPGRADE & JUMPERS,Dresden,33.351115,-84.905954,Lagrange Primary,33.024106,-85.015680,33.1876105,-84.960817,6/1/2026,0,,,,,,,,,,,,,,,,,verified
GPC_19601,Georgia Power,GA,MORROW - YATES COMMON 115KV LINE UPGRADE,Morrow,33.605931,-84.333462,Yates Common,33.461641,-84.904198,33.533786,-84.61883,5/1/2027,0,,,,,,,,,,,,,,,,,medium
GPC_19606,Georgia Power,GA,GTC: SKC 115KV BUS AND JUMPER REPLACEMENT,SKC,33.619414,-83.814895,,,,33.619414,-83.814895,6/1/2027,0,,,,,,,,,,,,,,,,,verified
GPC_19618,Georgia Power,GA,GORDON-N DUBLIN 115KV (GORDON-ENGL MCI J) REBUILD,Gordon,32.882471,-83.316914,N Dublin,32.909923,-83.282300,32.896197,-83.299607,6/1/2026,0,,,,,,,,,,,,,,,,,medium
GPC_19621,Georgia Power,GA,MCEVER ROAD - SHOAL CREEK 115KV REBUILD,McEver Road,34.272883,-83.873801,Shoal Creek,34.250890,-83.851764,34.2618865,-83.8627825,6/1/2029,0,,,,,,,,,,,,,,,,,low
GPC_19622,Georgia Power,GA,GTC: RIDDLEVILLE BUS REPLACEMENT,Riddleville,32.906823,-82.665689,,,,32.906823,-82.665689,6/1/2027,0,,,,,,,,,,,,,,,,,low
GPC_19626,Georgia Power,GA,GLENWOOD SPRINGS 115KV CAP BANK,Glenwood Springs,33.246500,-84.021000,,,,33.2465,-84.021,12/31/2030,0,,,,,,,,,,,,,,,,,low
GPC_19627,Georgia Power,GA,ECHECONNEE-WELLSTON 115KV LINE REBUILD,Echeconnee,32.685144,-83.700462,Wellston,32.620097,-83.606568,32.6526205,-83.653515,6/1/2030,0,,,,,,,,,,,,,,,,,low
GPC_19629,Georgia Power,GA,MEAG: BRUMBLEY CREEK - SOUTH BAINBRIDGE 115KV REBUILD,Brumbley Creek,30.875000,-84.562000,South Bainbridge,30.839608,-84.488921,30.857304,-84.5254605,6/1/2028,0,,,,,,,,,,,,,,,,,low
GPC_19630,Georgia Power,GA,MEAG: THOMASVILLE 230/115KV AUTOBANK REPLACEMENT,Thomasville,30.908520,-84.005031,,,,30.90852,-84.005031,6/1/2028,0,,,,,,,,,,,,,,,,,verified
GPC_19631,Georgia Power,GA,PINE GROVE PRIMARY 115 KV DUAL STAGE CAPACITOR BANK,Pine Grove Primary,30.881649,-83.227987,,,,30.881649,-83.227987,6/1/2025,0,,,,,,,,,,,,,,,,,verified
GPC_19632,Georgia Power,GA,AVERY - HOPEWELL 115KV RECONDUCTOR,Avery,34.216989,-84.385764,Hopewell,34.174192,-84.283406,34.1955905,-84.334585,6/1/2031,0,,,,,,,,,,,,,,,,,high
GPC_19635,Georgia Power,GA,GTC: HICKORY LEVEL - VILLA RICA 230KV LINE RECONDUCTOR,Hickory Level,33.706671,-84.950508,Villa Rica,33.741022,-84.854865,33.7238465,-84.9026865,5/1/2027,0,,,,,,,,,,,,,,,,,low
GPC_19636,Georgia Power,GA,HAMMOND - WEISS DAM 115KV LINE REBUILD,Hammond,34.252800,-85.345600,Weiss Dam,34.172075,-85.753906,34.2124375,-85.549753,6/1/2026,0,,,,,,,,,,,,,,,,,verified
GPC_19676,Georgia Power,GA,ADAMSVILLE - JACK MCDONOUGH 230KV LINE REBUILD,Adamsville,33.759274,-84.505209,Jack McDonough,33.823900,-84.475800,33.791587,-84.4905045,6/1/2025,0,,,,,,,,,,,,,,,,,low
GPC_19706,Georgia Power,GA,GRID - GAINESVILLE #2 EQUIPMENT REPLACEMENT,Gainesville #2,34.263022,-83.809673,,,,34.263022,-83.809673,6/1/2026,0,,,,,,,,,,,,,,,,,verified
GPC_19950,Georgia Power,GA,GTC: DRESDEN - TALBOT 500KV LINE,Dresden,33.351115,-84.905954,Talbot,32.588839,-84.693180,32.969977,-84.799567,6/1/2029,0,,,,,,,,,,,,,,,,,medium
GPC_19966,Georgia Power,GA,SAV: CC - BIG OGEECHEE 500/230KV (CC NETWORK IMPROVEMENTS),Big Ogeechee,32.015670,-81.286986,,,,32.01567,-81.286986,6/1/2026,1,"DESC_06367 A - C, H",,,,,,,,,,,,,,,,verified
GPC_19992,Georgia Power,GA,GTC: BOSTWICK - EAST SOCIAL CIRCLE 230KV RECONDUCTOR,Bostwick,33.737371,-83.514509,East Social Circle,33.674150,-83.679326,33.7057605,-83.5969175,6/1/2028,0,,,,,,,,,,,,,,,,,low
GPC_19995,Georgia Power,GA,TALLULAH LODGE - TOCCOA 115 KV REBUILD,Tallulah Lodge,34.531330,-83.539906,Toccoa,34.580946,-83.352734,34.556138,-83.44632,6/1/2030,0,,,,,,,,,,,,,,,,,low
GPC_19996,Georgia Power,GA,GOLDENS CREEK - WARRENTON PRIMARY 230KV REBUILD,Goldens Creek,33.412900,-82.671100,Warrenton Primary,33.380501,-82.687296,33.3967005,-82.679198,6/1/2030,0,,,,,,,,,,,,,,,,,low
GPC_19997,Georgia Power,GA,AULTMAN ROAD-PERRY 115KV LINE REBUILD,Aultman Road,32.562253,-83.738810,Perry,32.455381,-83.702021,32.508817,-83.7204155,6/1/2028,0,,,,,,,,,,,,,,,,,verified
GPC_19999,Georgia Power,GA,GTC: ROBINS SPRING BUS REPLACEMENT,Robins Spring,33.005427,-82.879763,,,,33.005427,-82.879763,6/1/2026,0,,,,,,,,,,,,,,,,,verified
GPC_20001,Georgia Power,GA,GTC: ROBINS SPRING CAPACITOR BANK INSTALLATION,Robins Spring,33.005427,-82.879763,,,,33.005427,-82.879763,6/1/2026,0,,,,,,,,,,,,,,,,,verified
GPC_20002,Georgia Power,GA,GTC: GORDON - SANDERSVILLE #1 115KV LINE REBUILD,Gordon,32.882471,-83.316914,Sandersville #1,32.998477,-82.801938,32.940474,-83.059426,12/1/2026,0,,,,,,,,,,,,,,,,,medium
GPC_20010,Georgia Power,GA,GTC: ANTHONY SHOALS - WASHINGTON 115 KV LINE REBUILD,Anthony Shoals,34.001832,-82.636279,Washington,33.706504,-82.753196,33.854168,-82.6947375,12/31/2025,0,,,,,,,,,,,,,,,,,high
GPC_20015,Georgia Power,GA,GTC: MORNING HORNET 2ND 230/115 KV BANK & THUMBS UP 115KV TL,Morning Hornet,33.553500,-83.712200,Thumbs Up,33.561000,-83.691500,33.55725,-83.70185,6/1/2026,0,,,,,,,,,,,,,,,,,low
GPC_20018,Georgia Power,GA,CC - QTS FAYETTEVILLE TRANSMISSION NEEDS,QTS Fayetteville,33.448365,-84.522488,,,,33.448365,-84.522488,4/1/2026,0,,,,,,,,,,,,,,,,,verified
GPC_20020,Georgia Power,GA,GTC: SOUTH HAZLEHURST - NEW LACY 230KV LINE,South Hazlehurst,31.834000,-82.601500,New Lacy,31.812000,-82.524000,31.823,-82.56275,6/1/2027,0,,,,,,,,,,,,,,,,,low
GPC_20024,Georgia Power,GA,DYER ROAD - EAST ROANOKE 115KV (REBUILD),Dyer Road,33.634570,-84.989986,East Roanoke,33.549998,-85.058530,33.592284,-85.024258,12/31/2027,0,,,,,,,,,,,,,,,,,low
GPC_20065,Georgia Power,GA,SAV: GOSHEN (SAV) - MCINTOSH 115KV LINE REBUILD,Goshen,32.248701,-81.209472,McIntosh,32.352120,-81.175110,32.3004105,-81.192291,6/1/2027,4,DESC_06367 D - G,"DESC_06367 A - C, H","DESC_0139 M,N",DESC_6808 S,,,,,,,,,,,,,verified
GPC_20066,Georgia Power,GA,SAV: BOULEVARD - DEPTFORD 115KV RECONDUCTOR,Boulevard,32.041231,-81.144464,Deptford,32.066828,-81.048384,32.0540295,-81.096424,6/1/2026,4,"DESC_06367 A - C, H",DESC_6808 S,"DESC_0139 M,N",DESC_06367 D - G,,,,,,,,,,,,,verified
GPC_20067,Georgia Power,GA,SAV: DEPTFORD - MAGNOLIA 115KV RECONDUCTOR,Deptford,32.066828,-81.048384,Magnolia,32.022687,-81.086181,32.0447575,-81.0672825,6/1/2025,4,"DESC_06367 A - C, H",DESC_6808 S,"DESC_0139 M,N",DESC_06367 D - G,,,,,,,,,,,,,verified
GPC_20150,Georgia Power,GA,CC - HILL VIEW & GRASSY HOLLOW SUB - CC IMPROVEMENTS,Hill View,34.086791,-84.718832,Grassy Hollow,34.086791,-84.718832,34.086791,-84.718832,12/31/2027,0,,,,,,,,,,,,,,,,,low
GPC_20151,Georgia Power,GA,CC - CASS PINE 230/25 NEW SUB - QCELLS - CC IMPROVEMENTS,Cass Pine,34.251200,-84.821100,Qcells,34.287295,-84.791692,34.2692475,-84.806396,12/31/2026,0,,,,,,,,,,,,,,,,,low
GPC_20152,Georgia Power,GA,CC - CASS PINE- HILL VIEW 230 KV LINE- CC IMPROVEMENTS,Cass Pine,34.251200,-84.821100,Hill View,34.086791,-84.718832,34.1689955,-84.769966,12/31/2025,0,,,,,,,,,,,,,,,,,low
GPC_20160,Georgia Power,GA,THOMASTON 230 NEW BUILD SUB,Thomaston,32.899923,-84.312517,,,,32.899923,-84.312517,11/1/2030,0,,,,,,,,,,,,,,,,,verified
GPC_20175,Georgia Power,GA,CC - PROJECT CHRONOS- SK/HYUNDAI,Cartersville,34.179945,-84.810691,Pinson,34.363146,-85.063558,34.2715455,-84.9371245,12/31/2025,0,,,,,,,,,,,,,,,,,low
GPC_20216,Georgia Power,GA,CC - STONEWALL TELL ROAD (TA REALTY),Stonewall Tell Road,33.603690,-84.551600,,,,33.60369,-84.5516,6/1/2026,0,,,,,,,,,,,,,,,,,low
GPC_20223,Georgia Power,GA,CC - PROJECT PAYTON BAINBRIDGE,Farley,30.751338,-84.533827,South Bainbridge,30.839608,-84.488921,30.795473,-84.511374,6/30/2026,0,,,,,,,,,,,,,,,,,low
GPC_20234,Georgia Power,GA,DOYLE - LG&E MONROE 230KV - JACKS CREEK LOOP IN,Doyle,33.837924,-83.698786,Jacks Creek,33.741000,-83.623500,33.789462,-83.661143,6/1/2027,0,,,,,,,,,,,,,,,,,low
GPC_20243,Georgia Power,GA,CC - GARRETT ROAD SWITCHING STATION - TRAE LANE,Garrett Road,33.706671,-84.950508,Trae Lane,33.743501,-85.037292,33.725086,-84.9939,6/1/2026,0,,,,,,,,,,,,,,,,,low
GPC_20248,Georgia Power,GA,BAY CREEK - CONYERS 230KV REBUILD,Bay Creek,33.868120,-83.882351,Conyers,33.667610,-84.017690,33.767865,-83.9500205,12/31/2029,0,,,,,,,,,,,,,,,,,low
GPC_20264,Georgia Power,GA,MEAG: RAY PLACE RD - WARRENTON PRIMARY,Ray Place Rd,33.468258,-82.819772,Warrenton Primary,33.380501,-82.687296,33.4243795,-82.753534,6/1/2027,0,,,,,,,,,,,,,,,,,verified
GPC_20270,Georgia Power,GA,MEAG: RAY PLACE RD - WASHINGTON #3,Ray Place Rd,33.468258,-82.819772,Washington #3,33.706504,-82.753196,33.587381,-82.786484,6/1/2026,0,,,,,,,,,,,,,,,,,verified
GPC_20271,Georgia Power,GA,MEAG: RAY PLACE RD - WASHINGTON (WASHINGTON - WASHINGTON 3),Ray Place Rd,33.468258,-82.819772,Washington,33.706504,-82.753196,33.587381,-82.786484,6/1/2026,0,,,,,,,,,,,,,,,,,low
GPC_20273,Georgia Power,GA,GTC: DRESDEN 500KV BUS EXPANSION,Dresden,33.351115,-84.905954,,,,33.351115,-84.905954,12/1/2026,0,,,,,,,,,,,,,,,,,verified
GPC_20274,Georgia Power,GA,UNION CITY - YATES 230KV (BLACK) LINE REBUILD,Union City,33.587056,-84.542430,Yates,33.457634,-84.896958,33.522345,-84.719694,6/1/2028,0,,,,,,,,,,,,,,,,,low
GPC_20277,Georgia Power,GA,SAV: MCINTOSH - PURRYSBURG 230KV REACTORS,McIntosh,32.352120,-81.175110,Purrysburg,32.368838,-81.122433,32.360479,-81.1487715,6/1/2026,4,DESC_06367 D - G,"DESC_0139 M,N","DESC_06367 A - C, H",DESC_6808 S,,,,,,,,,,,,,verified
GPC_20284,Georgia Power,GA,KETTLE CREEK PRIMARY - PINE GROVE PRIMARY 115KV REBUILD,Kettle Creek Primary,31.207828,-83.260218,Pine Grove Primary,30.881649,-83.227987,31.0447385,-83.2441025,6/1/2030,0,,,,,,,,,,,,,,,,,low
GPC_20285,Georgia Power,GA,LOWER RIVER - WEBB (APC) 115KV RECONDUCTOR,Lower River,31.185000,-85.084000,Webb,31.260453,-85.273266,31.2227265,-85.178633,6/1/2029,0,,,,,,,,,,,,,,,,,low
GPC_20298,Georgia Power,GA,GLENWOOD SPRINGS - LAKE OCONEE 115KV LINE REBUILD,Glenwood Springs,33.246500,-84.021000,Lake Oconee,33.459530,-83.247451,33.353015,-83.6342255,6/1/2030,0,,,,,,,,,,,,,,,,,low
GPC_20300,Georgia Power,GA,MORROW 115KV RELAY UPGRADE,Morrow,33.605931,-84.333462,,,,33.605931,-84.333462,6/1/2026,0,,,,,,,,,,,,,,,,,verified
GPC_20326,Georgia Power,GA,ANTHONY SHOALS STATCOM SYSTEM,Anthony Shoals,34.001832,-82.636279,,,,34.001832,-82.636279,12/31/2025,0,,,,,,,,,,,,,,,,,verified
GPC_20342,Georgia Power,GA,GTC: CAMDEN INDUSTRIAL PARK 230/115KV NEW SUBSTATION,Camden Industrial Park,30.792000,-81.654000,,,,30.792,-81.654,6/1/2025,0,,,,,,,,,,,,,,,,,low
GPC_20346,Georgia Power,GA,MCMANUS - WEST BRUNSWICK 115KV REBUILD,McManus,31.215869,-81.544137,West Brunswick,31.279909,-81.558657,31.247889,-81.551397,6/1/2029,0,,,,,,,,,,,,,,,,,verified
GPC_20375,Georgia Power,GA,GTC: EAST WATKINSVILLE 230 KV STATION MODIFICATION,East Watkinsville,33.860546,-83.384765,,,,33.860546,-83.384765,6/1/2030,0,,,,,,,,,,,,,,,,,verified
GPC_20407,Georgia Power,GA,SAV: MAGNOLIA - TRUMAN PARKWAY 115KV REBUILD,Magnolia,32.022687,-81.086181,Truman Parkway,31.993380,-81.082020,32.0080335,-81.0841005,6/1/2028,4,"DESC_06367 A - C, H",DESC_6808 S,"DESC_0139 M,N",DESC_06367 D - G,,,,,,,,,,,,,verified
GPC_20428,Georgia Power,GA,GORDON-SANDERSVILLE #1 115KV LINE REBUILD (DEEPSTEP-SAND #6),Gordon,32.882471,-83.316914,Sandersville #1,32.998477,-82.801938,32.940474,-83.059426,6/1/2030,0,,,,,,,,,,,,,,,,,medium
GPC_20431,Georgia Power,GA,VILLA RICA LOW SIDE BREAKER,Villa Rica,33.741022,-84.854865,,,,33.741022,-84.854865,6/1/2025,0,,,,,,,,,,,,,,,,,verified
GPC_20464,Georgia Power,GA,NORCROSS 230KV BUS 1-3 SERIES BUS TIE BREAKER INSTALLATION,Norcross,33.932557,-84.213430,,,,33.932557,-84.21343,6/1/2025,0,,,,,,,,,,,,,,,,,verified
GPC_20466,Georgia Power,GA,SMART VALVE INSTALLATION,Branch,33.195806,-83.298005,Eatonton Primary,33.304481,-83.402519,33.2501435,-83.350262,6/1/2025,0,,,,,,,,,,,,,,,,,low
GPC_20474,Georgia Power,GA,GRADY 230/115KV RELAY MODERNIZATION,Grady,33.582400,-84.341500,,,,33.5824,-84.3415,6/1/2026,0,,,,,,,,,,,,,,,,,low
GPC_20480,Georgia Power,GA,EAST POINT - UNION CITY 230KV BLACK LINE RECONDUCTOR,East Point,33.676350,-84.462966,Union City,33.587056,-84.542430,33.631703,-84.502698,6/1/2030,0,,,,,,,,,,,,,,,,,low
GPC_20482,Georgia Power,GA,PITTMAN ROAD - WEST POINT DAM (USA) 115KV REBUILD,Pittman Road,33.641225,-84.584722,West Point Dam,32.918762,-85.188822,33.2799935,-84.886772,6/1/2028,0,,,,,,,,,,,,,,,,,low
GPC_20489,Georgia Power,GA,SCOTTDALE RELAY MODERNIZATION,Scottdale,33.789827,-84.264089,,,,33.789827,-84.264089,6/1/2026,0,,,,,,,,,,,,,,,,,verified
GPC_20490,Georgia Power,GA,KLONDIKE RELAY MODERNIZATION,Klondike,33.636977,-84.124487,,,,33.636977,-84.124487,6/1/2026,0,,,,,,,,,,,,,,,,,verified
GPC_20491,Georgia Power,GA,EAST POINT RELAY MODERNIZATION,East Point,33.676350,-84.462966,,,,33.67635,-84.462966,6/1/2026,0,,,,,,,,,,,,,,,,,verified
GPC_20503,Georgia Power,GA,GTC: BARNEYVILLE - EAST MOULTRIE 115KV NEW LINE,Barneyville,31.214078,-83.454051,East Moultrie,31.242178,-83.743474,31.228128,-83.5987625,6/1/2028,0,,,,,,,,,,,,,,,,,low
GPC_20505,Georgia Power,GA,GTC: GARRETT RD - V. RICA 230KV LINE RECONDUCTOR (CC NET IM),Garrett Rd,33.706671,-84.950508,V. Rica,33.741022,-84.854865,33.7238465,-84.9026865,6/1/2027,0,,,,,,,,,,,,,,,,,low
GPC_20506,Georgia Power,GA,GTC: SWITCH WAY - THORNTON ROAD 230KV LINE REBUILD,Switch Way,33.753547,-84.587649,Thornton Road,33.792015,-84.629635,33.772781,-84.608642,6/1/2027,0,,,,,,,,,,,,,,,,,low
GPC_20509,Georgia Power,GA,CC - EMBLEM RIVERSIDE CUSTOMER SUB (FLEXENTIAL),Emblem Riverside,33.791500,-84.490200,,,,33.7915,-84.4902,3/1/2027,0,,,,,,,,,,,,,,,,,low
GPC_20512,Georgia Power,GA,KATHLEEN AREA IMPROVEMENTS,Kathleen,32.495294,-83.609970,,,,32.495294,-83.60997,6/1/2026,0,,,,,,,,,,,,,,,,,low
GPC_20516,Georgia Power,GA,"GOAT ROCK 230KV SWITCH, JUMPER, & LINE TRAP REPLACEMENT",Goat Rock,32.609566,-85.077823,,,,32.609566,-85.077823,6/1/2026,0,,,,,,,,,,,,,,,,,verified
GPC_20586,Georgia Power,GA,GTC: NORTH DUBLIN 230/115KV TRANSFORMERS AND BUS-TIE BREAKER,North Dublin,32.574500,-82.913000,,,,32.5745,-82.913,12/1/2028,0,,,,,,,,,,,,,,,,,low
GPC_20590,Georgia Power,GA,GTC: EATONTON PRIMARY - LICK CREEK 115KV LINE SWITCH REPLACEMENT,Eatonton Primary,33.304481,-83.402519,Lick Creek,33.391200,-83.334000,33.3478405,-83.3682595,6/1/2025,0,,,,,,,,,,,,,,,,,low
GPC_20591,Georgia Power,GA,GTC: EATONTON PRIMARY (035591) - LICK CREEK 115KV REBUILD,Eatonton Primary,33.304481,-83.402519,Lick Creek,33.391200,-83.334000,33.3478405,-83.3682595,12/1/2027,0,,,,,,,,,,,,,,,,,low
GPC_20656,Georgia Power,GA,PLANT YATES BREAKER AND HALF STATION,Plant Yates,33.457634,-84.896958,,,,33.457634,-84.896958,6/1/2028,0,,,,,,,,,,,,,,,,,verified
GPC_20668,Georgia Power,GA,DRESDEN LINE PROTECTIVE RELAYING,Dresden,33.351115,-84.905954,,,,33.351115,-84.905954,12/1/2026,0,,,,,,,,,,,,,,,,,verified
GPC_20684,Georgia Power,GA,CAMDEN INDUSTRIAL PARK (GPC),Camden Industrial Park,30.792000,-81.654000,,,,30.792,-81.654,6/30/2025,0,,,,,,,,,,,,,,,,,low
GPC_20690,Georgia Power,GA,EAST POINT - UNION CITY (WHITE) 230KV REBUILD,East Point,33.676350,-84.462966,Union City,33.587056,-84.542430,33.631703,-84.502698,5/1/2031,0,,,,,,,,,,,,,,,,,low
GPC_20691,Georgia Power,GA,UNION CITY - YATES 230KV (WHITE) SWITCH AND TRAP REPLACEMENT,Union City,33.587056,-84.542430,Yates,33.457634,-84.896958,33.522345,-84.719694,6/1/2026,0,,,,,,,,,,,,,,,,,low
GPC_20717,Georgia Power,GA,CC - TOMOCHICHI 500/230KV SOLUTION (CC NETWORK IMPROVEMENTS),Tomochichi,33.329200,-83.948500,,,,33.3292,-83.9485,7/15/2027,0,,,,,,,,,,,,,,,,,low
GPC_20736,Georgia Power,GA,CC - TA REALTY ELLENWOOD NETWORK IMPROVEMENTS,TA Realty Ellenwood,33.593500,-84.254100,,,,33.5935,-84.2541,6/1/2027,0,,,,,,,,,,,,,,,,,low
GPC_20756,Georgia Power,GA,HATCH - WADLEY 500 KV LINE STRATEGIC PROJECT,Hatch,31.934170,-82.343890,Wadley,32.808561,-82.397465,32.3713655,-82.3706775,6/1/2031,0,,,,,,,,,,,,,,,,,verified
GPC_20757,Georgia Power,GA,NORCROSS - NORTH DRUID HILLS 115KV REBUILD,Norcross,33.932557,-84.213430,North Druid Hills,33.816771,-84.313257,33.874664,-84.2633435,6/1/2029,0,,,,,,,,,,,,,,,,,low
GPC_20758,Georgia Power,GA,BAY CREEK - CONYERS 230KV LIMITING ELEMENT REPLACEMENT,Bay Creek,33.868120,-83.882351,Conyers,33.667610,-84.017690,33.767865,-83.9500205,6/1/2033,0,,,,,,,,,,,,,,,,,low
GPC_20759,Georgia Power,GA,WINDER PRIMARY 230KV BUS 1-2 PARALLEL BUS-TIE INSTALLATION,Winder Primary,33.995459,-83.753131,,,,33.995459,-83.753131,6/1/2033,0,,,,,,,,,,,,,,,,,verified
GPC_20760,Georgia Power,GA,GTC: HOPEWELL 230/115 KV BANK A,Hopewell,34.174192,-84.283406,,,,34.174192,-84.283406,6/1/2029,0,,,,,,,,,,,,,,,,,verified
GPC_20761,Georgia Power,GA,ATKINSON - NORTHWEST 115KV REBUILD,Atkinson,33.825476,-84.471421,Northwest,33.802344,-84.478472,33.81391,-84.4749465,6/1/2030,0,,,,,,,,,,,,,,,,,verified
GPC_20764,Georgia Power,GA,ATKINSON - NORTHSIDE DRIVE 115KV REBUILD,Atkinson,33.825476,-84.471421,Northside Drive,33.772605,-84.408466,33.7990405,-84.4399435,6/1/2030,0,,,,,,,,,,,,,,,,,low
GPC_20767,Georgia Power,GA,ARKWRIGHT BUS AND JUMPER REPLACEMENT,Arkwright,32.932915,-83.702957,,,,32.932915,-83.702957,6/1/2033,0,,,,,,,,,,,,,,,,,verified
GPC_20768,Georgia Power,GA,SOUTH MACON 115KV BUSES 1 & 2 REPLACEMENT,South Macon,32.820349,-83.626198,,,,32.820349,-83.626198,6/1/2028,0,,,,,,,,,,,,,,,,,verified
GPC_20771,Georgia Power,GA,CC - GULLATT ROAD TRANSMISSION IMPROVEMENTS,Gullatt Road,33.514119,-84.611818,,,,33.514119,-84.611818,6/1/2027,0,,,,,,,,,,,,,,,,,low
GPC_20773,Georgia Power,GA,GTC: CLARKSBORO - WINDER PRIMARY 230KV REBUILD,Clarksboro,34.041223,-83.498217,Winder Primary,33.995459,-83.753131,34.018341,-83.625674,6/1/2033,0,,,,,,,,,,,,,,,,,low
GPC_20774,Georgia Power,GA,CC - VILLA RICA UPGRADES (CC NETWORK IMPROVEMENTS),Villa Rica,33.741022,-84.854865,,,,33.741022,-84.854865,6/1/2028,0,,,,,,,,,,,,,,,,,verified
GPC_20776,Georgia Power,GA,GTC: DOUGLASVILLE - VILLA RICA 230KV REBUILD (CC IMPROVEMENT),Douglasville,33.751497,-84.747714,Villa Rica,33.741022,-84.854865,33.7462595,-84.8012895,6/1/2027,0,,,,,,,,,,,,,,,,,low
GPC_20777,Georgia Power,GA,JACK MCDONOUGH - NORTHWEST (BLACK) 230KV RECONDUCTOR,Jack McDonough,33.823900,-84.475800,Northwest,33.821755,-84.484305,33.8228275,-84.4800525,6/1/2028,0,,,,,,,,,,,,,,,,,medium
GPC_20778,Georgia Power,GA,GTC: DOYLE - WINDER PRIMARY 230KV LINE JUMPER REPLACEMENT,Doyle,33.837924,-83.698786,Winder Primary,33.995459,-83.753131,33.9166915,-83.7259585,6/1/2027,0,,,,,,,,,,,,,,,,,verified
GPC_20781,Georgia Power,GA,CC - SUMMER LAKE - VILLA RICA 230KV REBUILD (CC IMPROVMNT),Summer Lake,33.741000,-84.815000,Villa Rica,33.741022,-84.854865,33.741011,-84.8349325,6/1/2027,0,,,,,,,,,,,,,,,,,low
GPC_20783,Georgia Power,GA,SAV: COLEMAN - DEAN FOREST 115KV LINE REBUILD,Coleman,32.107720,-81.226912,Dean Forest,32.083510,-81.188722,32.095615,-81.207817,6/1/2028,4,"DESC_06367 A - C, H",DESC_06367 D - G,"DESC_0139 M,N",DESC_6808 S,,,,,,,,,,,,,verified
GPC_20784,Georgia Power,GA,SAV: COLEMAN - MELDRIM 115KV LINE REBUILD,Coleman,32.107720,-81.226912,Meldrim,32.155282,-81.368377,32.131501,-81.2976445,6/1/2032,4,"DESC_06367 A - C, H",DESC_06367 D - G,"DESC_0139 M,N",DESC_6808 S,,,,,,,,,,,,,medium
GPC_20785,Georgia Power,GA,SAV: GOSHEN (SAV) - KRAFT 115KV LINE REBUILD,Goshen,32.248701,-81.209472,Kraft,32.148135,-81.145983,32.198418,-81.1777275,6/1/2027,4,"DESC_06367 A - C, H",DESC_06367 D - G,"DESC_0139 M,N",DESC_6808 S,,,,,,,,,,,,,verified
GPC_20787,Georgia Power,GA,SAV: LITTLE OGEECHEE 230/115KV BANK REPLACEMENT,Little Ogeechee,32.006786,-81.253151,,,,32.006786,-81.253151,6/1/2034,1,"DESC_06367 A - C, H",,,,,,,,,,,,,,,,verified
GPC_20789,Georgia Power,GA,JEFFERSON ROAD - WINDER PRIMARY 115KV REBUILD,Jefferson Road,33.977796,-83.579481,Winder Primary,33.995459,-83.753131,33.9866275,-83.666306,6/1/2030,0,,,,,,,,,,,,,,,,,verified
GPC_20791,Georgia Power,GA,GTC: SHOAL CREEK - SOUTH HALL 230KV REBUILD,Shoal Creek,34.250890,-83.851764,South Hall,34.218610,-83.802581,34.23475,-83.8271725,6/1/2033,0,,,,,,,,,,,,,,,,,low
GPC_20793,Georgia Power,GA,EVANS PRIMARY - THURMOND DAM (USA) #5 115KV REBUILD,Evans Primary,33.543994,-82.168648,Thurmond Dam,33.661157,-82.197727,33.6025755,-82.1831875,6/1/2033,5,DESC_6810 A,DESC_6809 E,DESC_6809 G,DESC_6810 O,DESC_6852,,,,,,,,,,,,medium
GPC_20794,Georgia Power,GA,EVANS PRIMARY - THURMOND DAM (USA) #6 115KV REBUILD,Evans Primary,33.543994,-82.168648,Thurmond Dam,33.661157,-82.197727,33.6025755,-82.1831875,6/1/2033,5,DESC_6810 A,DESC_6809 E,DESC_6809 G,DESC_6810 O,DESC_6852,,,,,,,,,,,,verified
GPC_20796,Georgia Power,GA,SAV: MELDRIM BANK D REPLACEMENT,Meldrim,32.155282,-81.368377,,,,32.155282,-81.368377,6/1/2033,3,"DESC_06367 A - C, H",DESC_06367 D - G,"DESC_0139 M,N",,,,,,,,,,,,,,verified
GPC_20797,Georgia Power,GA,CC - EAST VILLA RICA AREA SWITCHING STATION (CC IMPROVEMENT),East Villa Rica,33.724000,-84.887500,,,,33.724,-84.8875,6/1/2028,0,,,,,,,,,,,,,,,,,low
GPC_20849,Georgia Power,GA,GTC: CLIFTONDALE - LINE CREEK 230KV LINE,Cliftondale,33.644832,-84.594654,Line Creek,33.407200,-84.538500,33.526016,-84.566577,6/1/2029,0,,,,,,,,,,,,,,,,,low
GPC_20857,Georgia Power,GA,NEW CAVENDER DRIVE - TRIBUTARY 230KV LINE,New Cavender Drive,,,Tributary,33.712931,-84.642647,33.712931,-84.642647,6/1/2030,0,,,,,,,,,,,,,,,,,low
GPC_20858,Georgia Power,GA,GTC: ADAMSVILLE - BUZZARD ROOST 230KV REBUILD,Adamsville,33.759274,-84.505209,Buzzard Roost,33.722500,-84.588800,33.740887,-84.5470045,6/1/2027,0,,,,,,,,,,,,,,,,,low
GPC_20873,Georgia Power,GA,GTC: BONAIRE PRIMARY 500/230KV XFMR REPLCMNT & RELAY MOD,Bonaire Primary,32.564795,-83.600023,,,,32.564795,-83.600023,6/1/2028,0,,,,,,,,,,,,,,,,,verified
GPC_20874,Georgia Power,GA,GTC: BARNESVILLE PRIMARY- BARNESVILLE #1 115KV RECONDUCTOR,Barnesville Primary,33.032069,-84.201258,Barnesville #1,33.032069,-84.201258,33.032069,-84.201258,12/1/2026,0,,,,,,,,,,,,,,,,,high
GPC_20989,Georgia Power,GA,SAV: RICE HOPE NEW AUTO TRANSFORMER,Rice Hope,32.208860,-81.208210,,,,32.20886,-81.20821,6/1/2029,4,"DESC_06367 A - C, H",DESC_06367 D - G,"DESC_0139 M,N",DESC_6808 S,,,,,,,,,,,,,verified
GPC_21006,Georgia Power,GA,SAV: BOULEVARD - MAGNOLIA 115 KV LINE REBUILD,Boulevard,32.041231,-81.144464,Magnolia,32.022687,-81.086181,32.031959,-81.1153225,6/1/2029,4,"DESC_06367 A - C, H",DESC_6808 S,"DESC_0139 M,N",DESC_06367 D - G,,,,,,,,,,,,,verified
GPC_21013,Georgia Power,GA,GTC: CAVENDER DRIVE 500/230KV AUTOBANK,Cavender Drive,34.729438,-85.001367,,,,34.729438,-85.001367,6/1/2030,0,,,,,,,,,,,,,,,,,low
GPC_21014,Georgia Power,GA,GTC: BUZZARD ROOST - CAVENDER DRIVE 230KV NEW LINE,Buzzard Roost,,,Cavender Drive,34.729438,-85.001367,34.729438,-85.001367,6/1/2030,0,,,,,,,,,,,,,,,,,low
GPC_21022,Georgia Power,GA,OHARA BREAKER REPLACEMENT,Ohara,33.481901,-84.367390,,,,33.481901,-84.36739,10/1/2026,0,,,,,,,,,,,,,,,,,verified
GPC_21023,Georgia Power,GA,SAV: DEAN FOREST - LITTLE OGEECHEE 230 KV REBUILD,Dean Forest,32.083510,-81.188722,Little Ogeechee,32.006786,-81.253151,32.045148,-81.2209365,6/1/2029,4,"DESC_06367 A - C, H",DESC_06367 D - G,"DESC_0139 M,N",DESC_6808 S,,,,,,,,,,,,,verified
GPC_21036,Georgia Power,GA,BUZZARD ROOST - FACTORY SHOALS 230KV NEW LINE,Buzzard Roost,33.722500,-84.588800,Factory Shoals,33.700100,-84.623000,33.7113,-84.6059,6/1/2029,0,,,,,,,,,,,,,,,,,low
GPC_21046,Georgia Power,GA,THALMANN AND COLERAIN 23O KV LINE RELAY PANEL UPGRADES,Thalmann,31.293459,-81.680781,Colerain,30.833011,-81.900667,31.063235,-81.790724,6/1/2025,0,,,,,,,,,,,,,,,,,low
GPC_21047,Georgia Power,GA,BROADWAY - ECHECONNEE 115 KV LINE REBUILD,Broadway,32.775000,-83.632000,Echeconnee,32.685144,-83.700462,32.730072,-83.666231,6/1/2029,0,,,,,,,,,,,,,,,,,low
GPC_21048,Georgia Power,GA,FITZGERALD - PITTS 115 KV LINE REBUILD,Fitzgerald,31.714500,-83.251000,Pitts,31.944621,-83.540721,31.8295605,-83.3958605,6/1/2028,0,,,,,,,,,,,,,,,,,low
GPC_21053,Georgia Power,GA,MCEVER ROAD - SHOAL CREEK 115KV REBUILD PHASE III,McEver Road,34.272883,-83.873801,Shoal Creek,34.250890,-83.851764,34.2618865,-83.8627825,6/1/2033,0,,,,,,,,,,,,,,,,,low
GPC_21062,Georgia Power,GA,ASHLEY PARK-WANSLEY 500KV,Ashley Park,33.390801,-84.764383,Wansley,33.410956,-85.030769,33.4008785,-84.897576,6/1/2029,0,,,,,,,,,,,,,,,,,low
GPC_21063,Georgia Power,GA,FARLEY (APC)-TAZEWELL 500KV,Farley,31.222476,-85.112119,Tazewell,32.382000,-84.441000,31.802238,-84.7765595,6/1/2030,0,,,,,,,,,,,,,,,,,low
GPC_21069,Georgia Power,GA,SMART VALVES AT EAST VILLA RICA SWITCHING STATION,East Villa Rica,33.724000,-84.887500,,,,33.724,-84.8875,6/1/2028,0,,,,,,,,,,,,,,,,,low
GPC_21073,Georgia Power,GA,GTC: BIG SMARR - TOMOCHICHI 500KV,Big Smarr,33.003100,-83.914200,Tomochichi,33.329200,-83.948500,33.16615,-83.93135,6/1/2030,0,,,,,,,,,,,,,,,,,low
GPC_21075,Georgia Power,GA,GTC: EAST WALTON - MIDDLE FORK 500KV,East Walton,33.952553,-83.301477,Middle Fork,34.142457,-82.812624,34.047505,-83.0570505,6/1/2033,0,,,,,,,,,,,,,,,,,low
GPC_21076,Georgia Power,GA,GTC: TALLBOT #2 - TAZEWELL 500KV LINE,Tallbot #2,32.674000,-84.532000,Tazewell,32.382000,-84.441000,32.528,-84.4865,6/1/2030,0,,,,,,,,,,,,,,,,,low
GPC_21077,Georgia Power,GA,GTC: ROCKVILLE - TIGER CREEK -WARTHEN 500KV LINES,Rockville,33.321000,-83.255000,Warthen,33.120062,-82.859484,33.220531,-83.057242,6/1/2030,0,,,,,,,,,,,,,,,,,low
GPC_21093,Georgia Power,GA,NORTH SPA 230KV STRATEGIC PROJECT,North Spa,33.284000,-83.152000,,,,33.284,-83.152,6/1/2030,0,,,,,,,,,,,,,,,,,low
GPC_21094,Georgia Power,GA,GTC: TIGER CREEK- ROCKVILLE-NORTH SPA 230KV PROJECT,Tiger Creek,33.094506,-82.981585,North Spa,33.284000,-83.152000,33.189253,-83.0667925,6/1/2030,0,,,,,,,,,,,,,,,,,low
GPC_21097,Georgia Power,GA,EAST POINT - TRIBUTARY 230KV REBUILD,East Point,33.676350,-84.462966,Tributary,33.712931,-84.642647,33.6946405,-84.5528065,6/1/2030,0,,,,,,,,,,,,,,,,,low
GPC_21098,Georgia Power,GA,TRIBUTARY - THORNTON RD 230KV REBUILD,Tributary,33.712931,-84.642647,Thornton Rd,33.792015,-84.629635,33.752473,-84.636141,6/1/2030,0,,,,,,,,,,,,,,,,,low
GPC_21099,Georgia Power,GA,MEAG: PIO NONO 230/115KV AREA SOLUTION,Pio Nono,32.801500,-83.664000,,,,32.8015,-83.664,6/1/2031,0,,,,,,,,,,,,,,,,,low
GPC_21111,Georgia Power,GA,GTC: HARTWELL DAM - HARTWELL ENERGY 230KV SERIES REACTORS,Hartwell Dam,34.358006,-82.821109,Hartwell Energy,34.339328,-82.820172,34.348667,-82.8206405,6/1/2030,0,,,,,,,,,,,,,,,,,verified
GPC_21112,Georgia Power,GA,GTC: BARNESVILLE PRIMARY - THOMASTON 230KV,Barnesville Primary,33.032069,-84.201258,Thomaston,32.899923,-84.312517,32.965996,-84.2568875,6/1/2029,0,,,,,,,,,,,,,,,,,verified
GPC_21113,Georgia Power,GA,GTC: HARTWELL ENERGY - MIDDLE FORK 230KV LINE,Hartwell Energy,34.339328,-82.820172,Middle Fork,34.142457,-82.812624,34.2408925,-82.816398,6/1/2030,0,,,,,,,,,,,,,,,,,low
GPC_21114,Georgia Power,GA,MEAG: SOUTH GRIFFIN 230/115KV BANK #5,South Griffin,32.911402,-84.307191,,,,32.911402,-84.307191,6/1/2032,0,,,,,,,,,,,,,,,,,low
GPC_21116,Georgia Power,GA,GOSHEN AREA STRATEGIC SOLUTION,Goshen,33.319760,-81.995312,,,,33.31976,-81.995312,6/1/2030,4,DESC_6810 O,DESC_6852,DESC_6809 E,DESC_6809 G,,,,,,,,,,,,,verified
GPC_21118,Georgia Power,GA,MEAG: ATHENA - WARRENTON 230KV CONVERSION,Athena,33.976403,-83.346119,Warrenton,33.380501,-82.687296,33.678452,-83.0167075,6/1/2030,0,,,,,,,,,,,,,,,,,verified
GPC_21123,Georgia Power,GA,GTC: TENASKA - WANSLEY 500KV NEW LINE,Tenaska,33.351627,-84.998090,Wansley,33.410956,-85.030769,33.3812915,-85.0144295,6/1/2029,0,,,,,,,,,,,,,,,,,verified
GPC_21128,Georgia Power,GA,GOAT ROCK REACTORS INSTALLATION,Goat Rock,32.609566,-85.077823,,,,32.609566,-85.077823,6/1/2030,0,,,,,,,,,,,,,,,,,verified
GPC_21129,Georgia Power,GA,ANNISTON - HAMMOND 230KV LINE,Anniston,33.662482,-85.828322,Hammond,34.252800,-85.345600,33.957641,-85.586961,6/1/2030,0,,,,,,,,,,,,,,,,,low
GPC_21130,Georgia Power,GA,CC - NORTH GEORGIA DATA NETWORK UPGRADES,North Jackson,34.182423,-83.664658,Pond Fork,34.252051,-83.671813,34.217237,-83.6682355,6/1/2030,0,,,,,,,,,,,,,,,,,medium
GPC_21131,Georgia Power,GA,GTC: POND FORK - MIDWAY 115KV LINE,Pond Fork,34.252051,-83.671813,Midway,34.541765,-83.540172,34.396908,-83.6059925,6/1/2030,0,,,,,,,,,,,,,,,,,low
GPC_21137,Georgia Power,GA,GTC: CONYERS - CORNISH MOUNTAIN 115KV LINE UPGRADE,Conyers,33.667610,-84.017690,Cornish Mountain,33.619000,-83.811500,33.643305,-83.914595,6/1/2026,0,,,,,,,,,,,,,,,,,low
GPC_21138,Georgia Power,GA,GLENWOOD SPRINGS - PORTERDALE PRIMARY 230KV LINE SWITCH REPL,Glenwood Springs,33.246500,-84.021000,Porterdale Primary,33.575115,-83.893795,33.4108075,-83.9573975,6/1/2029,0,,,,,,,,,,,,,,,,,low
GPC_21139,Georgia Power,GA,GRADY - MORROW (WHITE) 115KV REBUILD,Grady,33.582400,-84.341500,Morrow,33.605931,-84.333462,33.5941655,-84.337481,6/1/2026,0,,,,,,,,,,,,,,,,,low
GPC_21140,Georgia Power,GA,GTC: BONAIRE PRIMARY - EASTMAN PRIMARY 115 KV LINE REBUILD,Bonaire Primary,32.564795,-83.600023,Eastman Primary,32.213299,-83.161422,32.389047,-83.3807225,6/1/2029,0,,,,,,,,,,,,,,,,,verified
GPC_21141,Georgia Power,GA,LLOYD SHOALS - PORTERDALE PRIMARY 115KV REBUILD,Lloyd Shoals,33.320614,-83.841009,Porterdale Primary,33.575115,-83.893795,33.4478645,-83.867402,6/1/2029,0,,,,,,,,,,,,,,,,,verified
GPC_21142,Georgia Power,GA,CONYERS - KLONDIKE 230 KV SECOND LINE,Conyers,33.667610,-84.017690,Klondike,33.636977,-84.124487,33.6522935,-84.0710885,6/1/2029,0,,,,,,,,,,,,,,,,,low
