project_id,name,voltage_kv,work_type,project_type,stated_miles,cost_usd,cost_per_mile_usd,description
DESC_6807 B,Queensboro - Ft Johnson 115 kV & Queensboro-Bayfront 115kV (Queensboro-James Island Sect),115,rebuild,line,,5404301,,Replace the Queensboro – Ft Johnson 115 kV Line and structures as they have reached the end of life.
DESC_0167C-D,Union Pier 115-13.8 kV Sub: Tap,115,new_build,station,,5300000,,Installing a 115 kV Tap to feed the future Union Pier 115 kV Sub.
"DESC_0139 M,N","Okatie 230-115kV Substation, Jasper – Yemassee 230kV #1 Fold-in",230,new_build,station,,11116933,,"Expand existing Okatie Transmission sub, add a 230-115 autobank and fold the Jasper – Yemassee 230 kV #1 line into the 230 kV side. Construct two additional 115 kV bus tie lines."
DESC_6341 A-F,Cainhoy - Hamlin 115kV: Rebuild Line and Cainhoy – Hamlin 115 kV #2: Construct New 115 kV Line,115,new_build,line,,19890850,,"Upgrade the 954 ACSR portion of the Cainhoy – Hamlin 115 kV line to B795 ACSR conductor, construct a new Cainhoy – Hamlin 115 kV #2 line, add terminals to Cainhoy and Hamlin sub to accommodate upgrades."
DESC_6808 J,Eastover - Square D 115kV: Rebuild,115,rebuild,line,,11700000,,Replace wooden H-Frame structures with Self Supporting Steel Structures and restring with 1272 ACSR conductor.
DESC_6808 K,Burton-St Helena 115kV: Rebuild Burton-Frogmore Transmission Section,115,rebuild,line,,8580000,,Replace wooden structures with Self Supporting Steel Structures and restring with 1272 ACSR conductor for the Burton – Frogmore Transmission section.
DESC_6808 L,Burton-St Helena 115kV: Frogmore Distribution - St Helena,115,rebuild,line,,6925000,,Replace wooden structures with Self Supporting Steel Structures and upgrade to 795 ACSR for the Frogmore Distribution Tap – St. Helena section.
"DESC_6808 N,O",VCS1-Denny Terrace 230kV & VCS1-Pineland 230kV: Rebuild Single Circuit Sections,230,rebuild,line,,4912096,,Replace wooden H-Frame structures with Self Supporting Steel Structures and restring with standard 1272 ACSR conductor.
DESC_6808 R,Wateree-Killian 230kV: Rebuild,230,rebuild,line,,48224719,,Replace wooden H-Frame structures with Self Supporting Steel Structures.
DESC_6808 S,Okatie-Bluffton 115kV: Rebuild,115,rebuild,line,,40660000,,Replace wooden H-Frame structures with Self Supporting Steel Structures and upgrade conductor to standard 1272 ACSR.
DESC_6808 U,Hopkins-CIP 230kV: Rebuild,230,rebuild,line,,2600000,,Replace wooden H-Frame structures with Self Supporting Steel Structures.
DESC_6808 V,Faber Place-Bayfront 115kV: Rebuild North Bridge Terrace to Bayfront Section,115,rebuild,line,,10200000,,Replace wooden structures with Self Supporting Steel Structures and upgrade conductor to standard 1272 ACSR.
DESC_6808 W,Square D - Hopkins 115kV: Rebuild,115,rebuild,line,,4300000,,Replace wooden H-Frame structures with Self Supporting Steel Structures and restring with 1272 ACSR conductor.
DESC_6809 E,Stevens Creek - Hooks 115kV/LR Plumb Branch 46kV Rebuilds,115,rebuild,line,9.5,11745543,1236373,9.5 miles. Scope includes rebuilding the 115 and 46 kV lines in this corridor SPDC.
DESC_6809 G,Stevens Creek - Hooks 115kV/LR Plumb Branch 46kV,115,rebuild,line,6.5,7800000,1200000,Upgrade 6.5 miles of aging conductor with 1272 ACSR and rebuild with SPDC.
DESC_6805 G,"Edenwood Sub: #1 & #2 230-115kV Autobanks, Replace with 336MVA",230,station_equipment,station,,10833462,,Replace Autobank 1 and 2 at Edenwood Substation.
"DESC_1060A, I, L","Williams St Sub: Replace Sw House & Relays, AM Williams Sub: Replace Sw House, and McMeekin Sub: Add Sw House",,station_equipment,multi_station,,9898924,,"Replace switch house, switch house equipment, and relay panels at Williams Street substation. Replace the switch house at AM Williams substation. Add Switching House at McMeekin Substation to move relays from plant relay room."
DESC_06005 B,Harleyville 115KV Transmission Tap – Construct (1.4 miles),115,new_build,line,,2750000,,Extend the 115 kV line from the Blue Circle tap to the Harleyville substation to provide 115 kV service.
DESC_05004 P,Summerville: Replace and Spare 230-115kV 336MVA Auto Bank,230,station_equipment,station,,3982052,,"Purchase a spare 230/115kV, 336MVA Autobank for the Southern Region to be stored at Summerville 230kV Sub. Include a pad, AC for heaters, and possibly a pit for oil containment."
DESC_06076A,Canadys-Ritter 115KV-Rebld SPDC 230/115KV 1272 (Approx 18 Miles),230,rebuild,line,,40000000,,Rebuild Canadys-Ritter 115 kV line as SPDC with 230 kV on one side and 115 kV on the other side.
DESC_6359,Yemassee– Ritter 230kV #1 & #2: Construct SPDC with B-1272,230,new_build,line,,40611419,,Construct Ritter – Yemassee 230kV #1 and #2 SPDC with B1272 ACSR on both sides. Convert the existing Ritter – Yemassee 230 kV to 115 kV operation. Convert and add terminals at Ritter and Yemassee. Add 230 kV bus tie at Ritter and upgrade the Yemassee 230 kV bus tie.
"DESC_06367 A - C, H",Riverport Tap: Construct Tap,,new_build,line,,34877427,,Construct Okatie – Riverport 230 kV to feed new Distribution substation.
DESC_06367 D - G,Jasper – Okatie 230 kV #2: Construct,230,new_build,line,6.5,23787423,3659604,Construct a 230 kV line with B1272 ACSR from Jasper to Okatie 230/115kV Substation. The line is estimated to be 6.5 miles long. This makes Jasper a Medium Impact substation and will require a new CIP Hut.
DESC_06371 D,Wagener 115kV Tap: Construct Tap,115,new_build,station,,6005000,,Constructing a 115 kV Tap off the Edmund Switching Station- Owens Corning 115 kV Line to feed new Wagener Distribution substation.
DESC_06372 A,Church Creek - Ritter 230kV - Replace 38 Large Angles and Dead Ends,230,rebuild,line,6.5,10850000,1669231,Replace 6.5 miles of aging conductor.
DESC_06810 F,VCS2-Ward 230kV: Rebuild Line,230,rebuild,line,40,30000000,750000,Rebuild 40 miles of 230 kV line.
DESC_06810 G,Goose Creek Reservoir: Rebuild Transmission Line Crossings,,rebuild,station,,9655669,,Rebuilding the Williams Goose Creek 230 and 115 kV lines and the Williams - Faber Place 230 kV line across the Goose Creek Reservoir.
DESC_06810 H,Summerville 115kV Loop: Rebuild,115,rebuild,station,,12475000,,Replacing several wood pole sections on the Summerville 115 kV Loop that have reached the end of life.
DESC_6809 M,St George - Sumter 230kV Tie: Rebuild Line from Santee Substation - Duke/Progress Energy Tie,230,rebuild,line,,4000000,,Rebuild Line from Santee Substation - Duke/Progress Energy Tie.
DESC_5392 A-C,Coit – Gills Creek 115kV: Construct,115,new_build,line,1.25,2509602,2007682,Convert the existing Coit - Gills Creek 33 kV Line to 115 kV. Approximately 1.25 miles. Construct Gills Creek Terminal at Coit Bus #1.
DESC_6810 A,Hooks - Thurmond 115kV Tie: Rebuild,115,rebuild,line,2.3,2200080,956557,"Rebuilding section of line between Hooks and Thurmond. Approximately 2.3 miles. The line will be rebuilt on existing R/W using steel poles, 115 kV insulation, and 1272 ACSR conductor."
DESC_6809 N,Batesburg - Saluda County 115kV: Rebuild,115,rebuild,line,13.5,8750000,648148,Rebuild 13.5 miles of conductor.
DESC_6853 B-F,Scout 230 kV Sub and Fold-in: Construct,230,new_build,station,,23685000,,Construct 230kV Transmission Line for Scout Customer Substation and modify VCS1 and Killian terminals.
DESC_6859,Dawson 230kV Sub and Fold-in: Construct and Rebuild,230,new_build,station,,93538207,,Construct Dawson 230kV substation. Fold in the existing Canadys – Church Creek and Canadys – Faber Place 230kV lines at the Dawson 230kV substation (phase 1). Rebuild Canadys – Dawson 230kV #1 and #2 with B1272 ACSR (phase 2).
DESC_6852,Urquhart – Toolebeck 115kV line: Rebuild,115,rebuild,line,12.5,17520000,1401600,Upgrade the 477 ACSR portions of the Urquhart – Toolebeck 115 kV line to 1272 ACSR. Replace existing structures with Single Pole Double Circuit Structures. Approximately 12.5 miles.
DESC_6388 A,Williams-Summerville 230kV: Upgrade to SPDC B1272 ACSR,230,rebuild,line,10,19300000,1930000,Rebuild the section of the Williams - Summerville 230 kV line from Ladson Jct to Williams. Line to upgraded to B-1272 and designed for a future second circuit. Approximately 10 miles.
"DESC_0147 C, K",Cainhoy 115 kV Tap: Construct,115,new_build,line,2.8,21850000,7803571,Construct a 115 kV tap from Cainhoy to Clements Ferry. Approximately 2.8 miles. Construct terminal at Cainhoy.
"DESC_0147 B, J",Jack Primus 115 kV Tap: Construct,115,new_build,line,2.2,18000000,8181818,Construct a 115 kV tap from Jack Primus to Clements Ferry. Approximately 2.2 miles. Construct terminals at Jack Primus.
"DESC_6847 A-B, D-H",Church Creek – Faber Place – Charleston Transmission: Add 230kV Line,230,new_build,line,,34174682,,"Construct a 230 kV transmission line from Church Creek to Charleston Transmission. The Church Creek – Faber Place 230kV and 115kV lines will be rebuilt, and a 230kV line will be added between Faber Place and Charleston Transmission. Add 230/115kV transformer at Charleston Transmission. Add/upgrade terminals and bus work at impacted substations."
DESC_6846 A,Eastover – Sumter 115kV DEP Tie: Rebuild with 1272 ACSR,115,rebuild,line,1,1100000,1100000,Upgrade the DESC section (approx. 1 mile) of the tie line from 397.5 ACSR Ibis to 1272 ACSR.
DESC_6810 U,Cameron Jct – Elloree 46 kV Rebuild,46,rebuild,line,7.3,4500000,616438,Rebuilding the Cameron Jct – Elloree 46 kV Line. 7.3 miles.
DESC_6810 J,Elloree – Santee City 46 kV: Rebuild,46,rebuild,line,7,4500000,642857,Rebuilding the 46 kV line between Elloree and Santee City. 7 miles.
DESC_6810 O,Urquhart – Aiken PSA 46 kV: Rebuild,46,rebuild,line,4.5,3000000,666667,Rebuilding the section of 46 kV line from Urquhart to the Aiken PSA tap point. TBD if the scope of this project includes rebuilding the actual tap Aiken PSA. 4.5 miles.
DESC_6810 T,Cameron Jct – Cameron – St Matthews 46 kV Rebuild,46,rebuild,line,9.8,5900000,602041,Rebuilding the 46 kV line between Cameron Jct and St Matthews. 9.8 miles.
