project_id,utility,name,voltage_kv,work_type,project_type,stated_miles,start_date,in_service_date,cost_usd,cost_status,description
"DESC_0139 M,N",DESC,"Okatie 230-115kV Substation, Jasper – Yemassee 230kV #1 Fold-in",230,new_build,station,,2021-11-18,2024-12-31,11116933,published,"Expand existing Okatie Transmission sub, add a 230-115 autobank and fold the Jasper – Yemassee 230 kV #1 line into the 230 kV side. Construct two additional 115 kV bus tie lines."
"DESC_06367 A - C, H",DESC,Riverport Tap: Construct Tap,,new_build,line,,2022-11-18,2025-12-31,34877427,published,Construct Okatie – Riverport 230 kV to feed new Distribution substation.
DESC_06367 D - G,DESC,Jasper – Okatie 230 kV #2: Construct,230,new_build,line,6.5,2022-11-18,2025-12-31,23787423,published,Construct a 230 kV line with B1272 ACSR from Jasper to Okatie 230/115kV Substation. The line is estimated to be 6.5 miles long. This makes Jasper a Medium Impact substation and will require a new CIP Hut.
DESC_6808 S,DESC,Okatie-Bluffton 115kV: Rebuild,115,rebuild,line,,2022-06-01,2025-06-01,40660000,published,Replace wooden H-Frame structures with Self Supporting Steel Structures and upgrade conductor to standard 1272 ACSR.
DESC_6809 E,DESC,Stevens Creek - Hooks 115kV/LR Plumb Branch 46kV Rebuilds,115,rebuild,line,9.5,2021-12-31,2024-12-31,11745543,published,9.5 miles. Scope includes rebuilding the 115 and 46 kV lines in this corridor SPDC.
DESC_6809 G,DESC,Stevens Creek - Hooks 115kV/LR Plumb Branch 46kV,115,rebuild,line,6.5,2024-01-01,2025-12-31,7800000,published,Upgrade 6.5 miles of aging conductor with 1272 ACSR and rebuild with SPDC.
DESC_6810 A,DESC,Hooks - Thurmond 115kV Tie: Rebuild,115,rebuild,line,2.3,2021-12-31,2024-12-31,2200080,published,"Rebuilding section of line between Hooks and Thurmond. Approximately 2.3 miles. The line will be rebuilt on existing R/W using steel poles, 115 kV insulation, and 1272 ACSR conductor."
DESC_6810 O,DESC,Urquhart – Aiken PSA 46 kV: Rebuild,46,rebuild,line,4.5,2027-01-01,2027-12-31,3000000,published,Rebuilding the section of 46 kV line from Urquhart to the Aiken PSA tap point. TBD if the scope of this project includes rebuilding the actual tap Aiken PSA. 4.5 miles.
DESC_6852,DESC,Urquhart – Toolebeck 115kV line: Rebuild,115,rebuild,line,12.5,2023-08-12,2026-08-12,17520000,published,Upgrade the 477 ACSR portions of the Urquhart – Toolebeck 115 kV line to 1272 ACSR. Replace existing structures with Single Pole Double Circuit Structures. Approximately 12.5 miles.
GPC_14222,GPC,THOMSON PRIMARY 230/115KV SECOND TRANSFORMER,230,station_equipment,station,,2025-08-01,2033-06-01,,MISSING - estimate (GPC costs are REDACTED in the IRP),"Install a second 400 MVA, 230/115kV auto transformer at Thomson Primary substation."
GPC_16007,GPC,FENWICK STREET - SAND BAR FERRY 115KV (RECONDUCTOR/REBUILD),115,rebuild,line,2.72,2022-09-01,2026-06-01,,MISSING - estimate (GPC costs are REDACTED in the IRP),Reconductor approximately 2.72 miles of transmission line from Fenwick St to East Augusta Jct. with 100C 1351 ACSR conductor.
GPC_17075,GPC,SAV: LITTLE OGEECHEE 230- 115KV: RELAY MODERNIZATION,230,station_equipment,station,,2022-06-01,2025-12-31,,MISSING - estimate (GPC costs are REDACTED in the IRP),Relay modernization with conversion of the 230kV ring bus to BAAH topology and addition of BAAH rung for Big Ogeechee - Little Ogeechee (Red) 230kV Line. Rebuild 115kV straight bus to BAAH design.
GPC_17993,GPC,EVANS PRIMARY - THOMSON PRIMARY 115KV REBUILD,115,rebuild,line,5.28,2031-01-01,2034-12-31,,MISSING - estimate (GPC costs are REDACTED in the IRP),"Rebuild the existing 100C 336 ACSR conductor for the Thomson Primary to Pumpkin Center 115kV line section (approximately 5.28 miles), part of the Evans Primary - Thomson Primary 115kV line with 200C 1351 ACSS Martin conductor."
GPC_19523,GPC,SAV: CC - HYUNDAI MOTORS SAVANNAH AKA. PROJECT EA,,new_build,station,12;10;2.3,2022-06-01,2025-04-25,,MISSING - estimate (GPC costs are REDACTED in the IRP),"Construct a new Hyundai 230kV substation with an eight element 230kV ring bus and four 230/25kV banks. Construct a new Newton Rd 230kV substation with a five element 230kV ring bus and loop through the Little Ogeechee - Meldrim Black and White 230kV lines. Build two new 230kV lines connecting from Hyundai - Newton Rd (12 miles) and Hyundai - Meldrim (10 miles). At Meldrim, add a breaker to accommodate for the new Hyundai line. Install a 115/25kV bank at Interstate Centre and build a new 115kV line from Interstate Centre - Hyundai (2.3 miles) for bridge power."
GPC_19966,GPC,SAV: CC - BIG OGEECHEE 500/230KV (CC NETWORK IMPROVEMENTS),500,new_build,station,,2023-06-01,2026-06-01,,MISSING - estimate (GPC costs are REDACTED in the IRP),"Construct a new substation near Little Ogeechee, adjacent to the 500kV and 230kV shared right of way for McCall Road - Thalmann 500kV and the Little Ogeechee - Meldrim 230kV Black and White lines. The new substation will loop in the existing McCall Road - Thalmann 500kV line, the existing Little Ogeechee - Meldrim 230kV lines, and accommodate a new 1344MVA 500/230kV auto transformers with an additional 230kV connection to Little Ogeechee."
GPC_20065,GPC,SAV: GOSHEN (SAV) - MCINTOSH 115KV LINE REBUILD,115,rebuild,line,6.7,2025-06-01,2027-06-01,,MISSING - estimate (GPC costs are REDACTED in the IRP),"Rebuild the Goshen (Savannah) - Georgia Pacific (Rincon) section, approximately 6.7 miles, of the Goshen (Sav) - McIntosh 115kV line using 100C 795 ACSR Drake conductor."
GPC_20066,GPC,SAV: BOULEVARD - DEPTFORD 115KV RECONDUCTOR,115,rebuild,line,8,2025-06-01,2026-06-01,,MISSING - estimate (GPC costs are REDACTED in the IRP),Reconductor the Boulevard - Deptford 115kV line (approximately 8 miles) using 973.1 C7 ACCS (Everglades) conductor. Upgrade main bus and jumpers at Bolton substation from 90C 1590 AAC Coreopsis to 90C (2)1590 AAC Coreopsis or higher rated equipment.
GPC_20067,GPC,SAV: DEPTFORD - MAGNOLIA 115KV RECONDUCTOR,115,rebuild,line,5,2023-01-01,2025-06-01,,MISSING - estimate (GPC costs are REDACTED in the IRP),Reconductor the Deptford - Magnolia 115kV line (approximately 5 miles) using 973.1 C7 ACCS (Everglades) conductor and upgrade the Deptford main bus.
GPC_20277,GPC,SAV: MCINTOSH - PURRYSBURG 230KV REACTORS,230,station_equipment,line,0.1,2024-01-01,2026-06-01,,MISSING - estimate (GPC costs are REDACTED in the IRP),Install reactors on the McIntosh - Purrysburg (Black and White) 230kV tie lines at McIntosh. Rebuild 0.1 miles (GPC portion) for both lines to (2) 200C 1351 ACSS conductor.
GPC_20407,GPC,SAV: MAGNOLIA - TRUMAN PARKWAY 115KV REBUILD,115,rebuild,line,3,2025-06-01,2028-06-01,,MISSING - estimate (GPC costs are REDACTED in the IRP),Rebuild 3 miles of the Magnolia - Truman Parkway 115kV from 75C 927 ACAR to 200C 1351 ACSS Martin conductor or higher rated conductor. Upgrade 1200A switches at Magnolia substation to 2000A switches and jumpers at Truman Parkway.
GPC_20783,GPC,SAV: COLEMAN - DEAN FOREST 115KV LINE REBUILD,115,rebuild,line,6.67,2025-06-01,2028-06-01,,MISSING - estimate (GPC costs are REDACTED in the IRP),Rebuild entire line from Coleman to Dean Forest. 6.67 miles of 100C 477 Hawk Conductor with 200C 1351 ACSS Martin conductor.
GPC_20784,GPC,SAV: COLEMAN - MELDRIM 115KV LINE REBUILD,115,rebuild,line,3,2029-06-01,2032-06-01,,MISSING - estimate (GPC costs are REDACTED in the IRP),Rebuild 3 miles of the Coleman - Meldrim 115kV line from Four Lakes to Meldrim with 200C 1351 ACSS.
GPC_20785,GPC,SAV: GOSHEN (SAV) - KRAFT 115KV LINE REBUILD,115,rebuild,line,9.3,2024-06-01,2027-06-01,,MISSING - estimate (GPC costs are REDACTED in the IRP),Rebuild 9.3 miles of Goshen - Kraft 115kV line from Kraft - Godley J - Rice Hope from 100C 795 ACSR Drake to 200C 1351 ACSS Martin.
GPC_20787,GPC,SAV: LITTLE OGEECHEE 230/115KV BANK REPLACEMENT,230,station_equipment,station,,2030-06-01,2034-06-01,,MISSING - estimate (GPC costs are REDACTED in the IRP),Replace SATX 280MVA auto transformer with 400MVA auto transformer.
GPC_20793,GPC,EVANS PRIMARY - THURMOND DAM (USA) #5 115KV REBUILD,115,rebuild,line,5.45,2029-06-01,2033-06-01,,MISSING - estimate (GPC costs are REDACTED in the IRP),Rebuild approximately 5.45 miles of Euchee Creek - Thurmond Dam segment of the Evans Primary - Thurmond Dam (USA) #5 115kV line with 200C 1351 ACSS Martin conductor. Replace the main bus with a larger element at Thurmond Dam (USA).
GPC_20794,GPC,EVANS PRIMARY - THURMOND DAM (USA) #6 115KV REBUILD,115,rebuild,line,8.9,2030-06-01,2033-06-01,,MISSING - estimate (GPC costs are REDACTED in the IRP),Rebuild approximately 8.9 miles of the Evans Primary - Thurmond Dam (USA) #6 115kV line with 200C 1351 ACSS Martin conductor. Replace the main bus with a larger element at Thurmond Dam (USA).
GPC_20796,GPC,SAV: MELDRIM BANK D REPLACEMENT,,station_equipment,station,,2030-06-01,2033-06-01,,MISSING - estimate (GPC costs are REDACTED in the IRP),Replace 300 MVA 230/115kV Bank D with 400 MVA Bank.
GPC_20989,GPC,SAV: RICE HOPE NEW AUTO TRANSFORMER,,station_equipment,station,,2025-06-01,2029-06-01,,MISSING - estimate (GPC costs are REDACTED in the IRP),Install a new 230/115kV 400MVA auto transformer at Rice Hope and loop in the Crossgate - McIntosh 230kV line.
GPC_21006,GPC,SAV: BOULEVARD - MAGNOLIA 115 KV LINE REBUILD,115,rebuild,line,4.56,2027-01-01,2029-06-01,,MISSING - estimate (GPC costs are REDACTED in the IRP),Rebuild the entire line from Boulevard to Magnolia (4.56 miles) from 100C 795 ACSR Drake to 200C 1351 ACSS Martin
GPC_21023,GPC,SAV: DEAN FOREST - LITTLE OGEECHEE 230 KV REBUILD,230,rebuild,line,8,2026-01-01,2029-06-01,,MISSING - estimate (GPC costs are REDACTED in the IRP),"Rebuild the entire line from Little Ogeechee - Salt Creek and Salt Creek - Dean Forest, approximately 8 miles, using 200C 1351 ACSS/Martin. Upgrade jumpers at the Little Ogeechee terminal."
GPC_21116,GPC,GOSHEN AREA STRATEGIC SOLUTION,,new_build,station,12.3,2025-06-01,2030-06-01,,MISSING - estimate (GPC costs are REDACTED in the IRP),"Construct a 230kV switching station on the Waynesboro - Wilson 230kV line and a new 230kV line between the switching station and Goshen, approximately 12.3 miles. Provides an alternate power flow path into Goshen outside of the existing constrained Goshen - Vogtle corridor."
