project_id,utility,cost_low,cost_mid,cost_high,cost_source,cost_method
"DESC_0139 M,N",DESC,11116933,11116933,11116933,published,published
"DESC_06367 A - C, H",DESC,34877427,34877427,34877427,published,published
DESC_06367 D - G,DESC,23787423,23787423,23787423,published,published
DESC_6808 S,DESC,40660000,40660000,40660000,published,published
DESC_6809 E,DESC,11745543,11745543,11745543,published,published
DESC_6809 G,DESC,7800000,7800000,7800000,published,published
DESC_6810 A,DESC,2200080,2200080,2200080,published,published
DESC_6810 O,DESC,3000000,3000000,3000000,published,published
DESC_6852,DESC,17520000,17520000,17520000,published,published
GPC_14222,GPC,3982052,9898924,10833462,estimated,station equipment range (no miles)
GPC_16007,GPC,1762963,3128000,3812352,estimated,2.72 mi x 115 kV rebuild rate (minor terminal work not priced)
GPC_17075,GPC,3982052,9898924,10833462,estimated,station equipment range (no miles)
GPC_17993,GPC,3422221,6072000,7400448,estimated,5.28 mi x 115 kV rebuild rate (minor terminal work not priced)
GPC_19523,GPC,55473313,120693367,186955113,estimated,2 new substations + 22 mi new 230 kV + 2.3 mi new 115 kV (230 kV new rate n=1)
GPC_19966,GPC,11842500,23685000,35527500,estimated,"NO COMPARABLE: new 500/230 kV sub; mid = new-substation high, -/+50%; likely low"
GPC_20065,GPC,4342592,7705000,9390720,estimated,6.7 mi x 115 kV rebuild rate (minor terminal work not priced)
GPC_20066,GPC,5185184,9200000,11212800,estimated,8 mi x 115 kV rebuild rate (minor terminal work not priced)
GPC_20067,GPC,3240740,5750000,7008000,estimated,5 mi x 115 kV rebuild rate (minor terminal work not priced)
GPC_20277,GPC,4057052,10065847,11026462,estimated,station equipment + 0.1 mi x 230 kV rebuild rate
GPC_20407,GPC,1944444,3450000,4204800,estimated,3 mi x 115 kV rebuild rate (minor terminal work not priced)
GPC_20783,GPC,4323147,7670500,9348672,estimated,6.67 mi x 115 kV rebuild rate (minor terminal work not priced)
GPC_20784,GPC,1944444,3450000,4204800,estimated,3 mi x 115 kV rebuild rate (minor terminal work not priced)
GPC_20785,GPC,6027776,10695000,13034880,estimated,9.3 mi x 115 kV rebuild rate (minor terminal work not priced)
GPC_20787,GPC,3982052,9898924,10833462,estimated,station equipment range (no miles)
GPC_20793,GPC,3532407,6267500,7638720,estimated,5.45 mi x 115 kV rebuild rate (minor terminal work not priced)
GPC_20794,GPC,5768517,10235000,12474240,estimated,8.9 mi x 115 kV rebuild rate (minor terminal work not priced)
GPC_20796,GPC,3982052,9898924,10833462,estimated,station equipment range (no miles)
GPC_20989,GPC,3982052,9898924,10833462,estimated,station equipment range (no miles)
GPC_21006,GPC,2955555,5244000,6391296,estimated,4.56 mi x 115 kV rebuild rate (minor terminal work not priced)
GPC_21023,GPC,6000000,13353848,15440000,estimated,8 mi x 230 kV rebuild rate (minor terminal work not priced)
GPC_21116,GPC,27806565,56130062,91204694,estimated,1 new switching station + 12.3 mi new 230 kV (230 kV new rate n=1)
