overlap_id,project_id_desc,project_id_gpc,distance_mi,gap_days,cost_desc,cost_gpc_low,cost_gpc_mid,cost_gpc_high,cost_method,T,D,components,S_pct_low,S_pct_mid,S_pct_high,savings_low,savings_mid,savings_high,in_realistic_headline
OVL_1,DESC_6810 O,GPC_16007,2.33,214,3000000,1762963,3128000,3812352,2.72 mi x 115 kV rebuild rate (minor terminal work not priced),0.5,1,mobilization; construction_mgmt,5,9,14,44074,135000,210000,false
OVL_2,DESC_6810 A,GPC_20793,3.87,1613,2200080,3532407,6267500,7638720,5.45 mi x 115 kV rebuild rate (minor terminal work not priced),0,1,none (T = 0),0,0,0,0,0,0,false
OVL_3,DESC_6810 A,GPC_20794,3.87,1978,2200080,5768517,10235000,12474240,8.9 mi x 115 kV rebuild rate (minor terminal work not priced),0,1,none (T = 0),0,0,0,0,0,0,false
OVL_4,DESC_06367 D - G,GPC_20277,4.23,0,23787423,4057052,10065847,11026462,station equipment + 0.1 mi x 230 kV rebuild rate,1,1,mobilization; construction_mgmt,5,9,14,202853,905926,1543705,true
OVL_5,DESC_6809 E,GPC_20793,4.8,1613,11745543,3532407,6267500,7638720,5.45 mi x 115 kV rebuild rate (minor terminal work not priced),0,1,none (T = 0),0,0,0,0,0,0,false
OVL_6,DESC_6809 E,GPC_20794,4.8,1978,11745543,5768517,10235000,12474240,8.9 mi x 115 kV rebuild rate (minor terminal work not priced),0,1,none (T = 0),0,0,0,0,0,0,false
OVL_7,DESC_6809 G,GPC_20793,4.8,1248,7800000,3532407,6267500,7638720,5.45 mi x 115 kV rebuild rate (minor terminal work not priced),0,1,none (T = 0),0,0,0,0,0,0,false
OVL_8,DESC_6809 G,GPC_20794,4.8,1613,7800000,5768517,10235000,12474240,8.9 mi x 115 kV rebuild rate (minor terminal work not priced),0,1,none (T = 0),0,0,0,0,0,0,false
OVL_9,"DESC_0139 M,N",GPC_20277,7.06,0,11116933,4057052,10065847,11026462,station equipment + 0.1 mi x 230 kV rebuild rate,1,0.897,mobilization; construction_mgmt,5,9,14,181959,812616,1384703,false
OVL_10,DESC_06367 D - G,GPC_20065,7.46,0,23787423,4342592,7705000,9390720,6.7 mi x 115 kV rebuild rate (minor terminal work not priced),1,0.877,mobilization; construction_mgmt,5,9,14,190423,608156,1152993,false
OVL_11,"DESC_06367 A - C, H",GPC_20277,8.18,0,34877427,4057052,10065847,11026462,station equipment + 0.1 mi x 230 kV rebuild rate,1,0.841,mobilization; construction_mgmt,5,9,14,170599,761884,1298256,false
OVL_12,"DESC_06367 A - C, H",GPC_20065,8.31,0,34877427,4342592,7705000,9390720,6.7 mi x 115 kV rebuild rate (minor terminal work not priced),1,0.8345,mobilization; construction_mgmt,5,9,14,181195,578684,1097118,false
OVL_13,"DESC_06367 A - C, H",GPC_20785,8.92,0,34877427,6027776,10695000,13034880,9.3 mi x 115 kV rebuild rate (minor terminal work not priced),1,0.804,mobilization; construction_mgmt,5,9,14,242317,773890,1467206,true
OVL_14,DESC_6852,GPC_16007,9.65,0,17520000,1762963,3128000,3812352,2.72 mi x 115 kV rebuild rate (minor terminal work not priced),1,0.7675,mobilization; construction_mgmt,5,9,14,67654,216067,409637,false
OVL_15,"DESC_0139 M,N",GPC_20065,9.71,152,11116933,4342592,7705000,9390720,6.7 mi x 115 kV rebuild rate (minor terminal work not priced),0.5,0.7645,mobilization; construction_mgmt,5,9,14,82998,265071,502544,true
OVL_16,"DESC_06367 A - C, H",GPC_20989,10.08,0,34877427,3982052,9898924,10833462,station equipment range (no miles),1,0.746,mobilization; construction_mgmt,5,9,14,148531,664614,1131447,false
OVL_17,DESC_6810 O,GPC_21116,10.43,0,3000000,27806565,56130062,91204694,1 new switching station + 12.3 mi new 230 kV (230 kV new rate n=1),1,0.7285,mobilization; construction_mgmt,5,9,14,109275,196695,305970,false
OVL_18,DESC_06367 D - G,GPC_20785,11.89,0,23787423,6027776,10695000,13034880,9.3 mi x 115 kV rebuild rate (minor terminal work not priced),1,0.6555,mobilization; construction_mgmt,5,9,14,197560,630952,1196211,false
OVL_19,DESC_06367 D - G,GPC_20989,12.28,0,23787423,3982052,9898924,10833462,station equipment range (no miles),1,0.636,mobilization; construction_mgmt,5,9,14,126629,566614,964611,false
OVL_20,"DESC_0139 M,N",GPC_20785,12.77,0,11116933,6027776,10695000,13034880,9.3 mi x 115 kV rebuild rate (minor terminal work not priced),1,0.6115,mobilization; construction_mgmt,5,9,14,184299,588599,951721,false
OVL_21,DESC_6810 A,GPC_17993,12.94,2192,2200080,3422221,6072000,7400448,5.28 mi x 115 kV rebuild rate (minor terminal work not priced),0,0.603,none (T = 0),0,0,0,0,0,0,false
OVL_22,DESC_6808 S,GPC_20277,13.12,0,40660000,4057052,10065847,11026462,station equipment + 0.1 mi x 230 kV rebuild rate,1,0.594,mobilization; construction_mgmt,5,9,14,120494,538120,916961,false
OVL_23,DESC_6809 E,GPC_17993,13.38,2192,11745543,3422221,6072000,7400448,5.28 mi x 115 kV rebuild rate (minor terminal work not priced),0,0.581,none (T = 0),0,0,0,0,0,0,false
OVL_24,DESC_6809 G,GPC_17993,13.38,1827,7800000,3422221,6072000,7400448,5.28 mi x 115 kV rebuild rate (minor terminal work not priced),0,0.581,none (T = 0),0,0,0,0,0,0,false
OVL_25,"DESC_0139 M,N",GPC_20989,13.55,152,11116933,3982052,9898924,10833462,station equipment range (no miles),0.5,0.5725,mobilization; construction_mgmt,5,9,14,56993,255021,434151,false
OVL_26,DESC_6809 E,GPC_16007,14.18,0,11745543,1762963,3128000,3812352,2.72 mi x 115 kV rebuild rate (minor terminal work not priced),1,0.541,mobilization; construction_mgmt,5,9,14,47688,152302,288748,true
OVL_27,DESC_6809 G,GPC_16007,14.18,0,7800000,1762963,3128000,3812352,2.72 mi x 115 kV rebuild rate (minor terminal work not priced),1,0.541,mobilization; construction_mgmt,5,9,14,47688,152302,288748,false
OVL_28,DESC_6808 S,GPC_20065,14.63,0,40660000,4342592,7705000,9390720,6.7 mi x 115 kV rebuild rate (minor terminal work not priced),1,0.5185,mobilization; construction_mgmt,5,9,14,112582,359554,681672,false
OVL_29,DESC_6808 S,GPC_20785,15.01,0,40660000,6027776,10695000,13034880,9.3 mi x 115 kV rebuild rate (minor terminal work not priced),1,0.4995,mobilization; construction_mgmt,5,9,14,150544,480794,911529,false
OVL_30,"DESC_06367 A - C, H",GPC_20783,15.25,0,34877427,4323147,7670500,9348672,6.67 mi x 115 kV rebuild rate (minor terminal work not priced),1,0.4875,mobilization; construction_mgmt,5,9,14,105377,336543,638047,false
OVL_31,"DESC_06367 A - C, H",GPC_20066,15.37,0,34877427,5185184,9200000,11212800,8 mi x 115 kV rebuild rate (minor terminal work not priced),1,0.4815,mobilization; construction_mgmt,5,9,14,124833,398682,755855,false
OVL_32,"DESC_06367 A - C, H",GPC_20067,15.83,0,34877427,3240740,5750000,7008000,5 mi x 115 kV rebuild rate (minor terminal work not priced),1,0.4585,mobilization; construction_mgmt,5,9,14,74294,237274,449844,false
OVL_33,DESC_6808 S,GPC_20989,16.41,0,40660000,3982052,9898924,10833462,station equipment range (no miles),1,0.4295,mobilization; construction_mgmt,5,9,14,85515,382643,651416,true
OVL_34,DESC_6852,GPC_21116,16.43,0,17520000,27806565,56130062,91204694,1 new switching station + 12.3 mi new 230 kV (230 kV new rate n=1),1,0.4285,mobilization; construction_mgmt,5,9,14,375366,675659,1051025,true
OVL_35,"DESC_06367 A - C, H",GPC_21006,17.08,366,34877427,2955555,5244000,6391296,4.56 mi x 115 kV rebuild rate (minor terminal work not priced),0,0.396,none (T = 0),0,0,0,0,0,0,false
OVL_36,"DESC_06367 A - C, H",GPC_20784,17.32,1248,34877427,1944444,3450000,4204800,3 mi x 115 kV rebuild rate (minor terminal work not priced),0,0.384,none (T = 0),0,0,0,0,0,0,false
OVL_37,DESC_6808 S,GPC_20067,18.16,0,40660000,3240740,5750000,7008000,5 mi x 115 kV rebuild rate (minor terminal work not priced),1,0.342,mobilization; construction_mgmt,5,9,14,55417,176985,335543,false
OVL_38,DESC_6808 S,GPC_20066,18.35,0,40660000,5185184,9200000,11212800,8 mi x 115 kV rebuild rate (minor terminal work not priced),1,0.3325,mobilization; construction_mgmt,5,9,14,86204,275310,521956,false
OVL_39,"DESC_06367 A - C, H",GPC_20407,18.43,0,34877427,1944444,3450000,4204800,3 mi x 115 kV rebuild rate (minor terminal work not priced),1,0.3285,mobilization; construction_mgmt,5,9,14,31937,101999,193379,false
OVL_40,"DESC_06367 A - C, H",GPC_21023,18.57,1,34877427,6000000,13353848,15440000,8 mi x 230 kV rebuild rate (minor terminal work not priced),0.5,0.3215,mobilization; construction_mgmt,5,9,14,48225,193197,347477,false
OVL_41,DESC_6810 O,GPC_20793,18.77,518,3000000,3532407,6267500,7638720,5.45 mi x 115 kV rebuild rate (minor terminal work not priced),0,0.3115,none (T = 0),0,0,0,0,0,0,false
OVL_42,DESC_6810 O,GPC_20794,18.77,883,3000000,5768517,10235000,12474240,8.9 mi x 115 kV rebuild rate (minor terminal work not priced),0,0.3115,none (T = 0),0,0,0,0,0,0,false
OVL_43,DESC_06367 D - G,GPC_20783,19.04,0,23787423,4323147,7670500,9348672,6.67 mi x 115 kV rebuild rate (minor terminal work not priced),1,0.298,mobilization; construction_mgmt,5,9,14,64415,205723,390027,false
OVL_44,DESC_6810 A,GPC_16007,19.43,0,2200080,1762963,3128000,3812352,2.72 mi x 115 kV rebuild rate (minor terminal work not priced),1,0.2785,mobilization; construction_mgmt,5,9,14,24549,55145,85781,false
OVL_45,"DESC_0139 M,N",GPC_20783,19.54,152,11116933,4323147,7670500,9348672,6.67 mi x 115 kV rebuild rate (minor terminal work not priced),0.5,0.273,mobilization; construction_mgmt,5,9,14,29505,94232,178653,false
OVL_46,DESC_06367 D - G,GPC_20784,19.73,1248,23787423,1944444,3450000,4204800,3 mi x 115 kV rebuild rate (minor terminal work not priced),0,0.2635,none (T = 0),0,0,0,0,0,0,false
OVL_47,DESC_6810 A,GPC_14222,19.8,213,2200080,3982052,9898924,10833462,station equipment range (no miles),0.5,0.26,mobilization; construction_mgmt,5,9,14,14301,25741,40041,false
OVL_48,"DESC_0139 M,N",GPC_20066,19.84,152,11116933,5185184,9200000,11212800,8 mi x 115 kV rebuild rate (minor terminal work not priced),0.5,0.258,mobilization; construction_mgmt,5,9,14,33444,106812,200772,false
OVL_49,"DESC_06367 A - C, H",GPC_20796,20.13,1613,34877427,3982052,9898924,10833462,station equipment range (no miles),0,0.2435,none (T = 0),0,0,0,0,0,0,false
OVL_50,"DESC_0139 M,N",GPC_20067,20.22,0,11116933,3240740,5750000,7008000,5 mi x 115 kV rebuild rate (minor terminal work not priced),1,0.239,mobilization; construction_mgmt,5,9,14,38727,123683,234488,false
OVL_51,DESC_6808 S,GPC_21006,20.22,579,40660000,2955555,5244000,6391296,4.56 mi x 115 kV rebuild rate (minor terminal work not priced),0,0.239,none (T = 0),0,0,0,0,0,0,false
OVL_52,DESC_6808 S,GPC_20783,20.32,0,40660000,4323147,7670500,9348672,6.67 mi x 115 kV rebuild rate (minor terminal work not priced),1,0.234,mobilization; construction_mgmt,5,9,14,50581,161541,306262,false
OVL_53,DESC_06367 D - G,GPC_20066,20.36,0,23787423,5185184,9200000,11212800,8 mi x 115 kV rebuild rate (minor terminal work not priced),1,0.232,mobilization; construction_mgmt,5,9,14,60148,192096,364192,false
OVL_54,DESC_6808 S,GPC_20407,20.88,0,40660000,1944444,3450000,4204800,3 mi x 115 kV rebuild rate (minor terminal work not priced),1,0.206,mobilization; construction_mgmt,5,9,14,20028,63963,121266,false
OVL_55,DESC_6809 E,GPC_21116,20.88,152,11745543,27806565,56130062,91204694,1 new switching station + 12.3 mi new 230 kV (230 kV new rate n=1),0.5,0.206,mobilization; construction_mgmt,5,9,14,60490,108881,169371,false
OVL_56,DESC_6809 G,GPC_21116,20.88,0,7800000,27806565,56130062,91204694,1 new switching station + 12.3 mi new 230 kV (230 kV new rate n=1),1,0.206,mobilization; construction_mgmt,5,9,14,80340,144612,224952,false
OVL_57,DESC_06367 D - G,GPC_20067,20.98,0,23787423,3240740,5750000,7008000,5 mi x 115 kV rebuild rate (minor terminal work not priced),1,0.201,mobilization; construction_mgmt,5,9,14,32569,104017,197205,false
OVL_58,"DESC_0139 M,N",GPC_20784,21.01,1613,11116933,1944444,3450000,4204800,3 mi x 115 kV rebuild rate (minor terminal work not priced),0,0.1995,none (T = 0),0,0,0,0,0,0,false
OVL_59,DESC_6809 E,GPC_14222,21.02,213,11745543,3982052,9898924,10833462,station equipment range (no miles),0.5,0.199,mobilization; construction_mgmt,5,9,14,19811,88645,150910,false
OVL_60,DESC_6809 G,GPC_14222,21.02,0,7800000,3982052,9898924,10833462,station equipment range (no miles),1,0.199,mobilization; construction_mgmt,5,9,14,39621,139698,217308,true
OVL_61,"DESC_0139 M,N",GPC_21006,21.56,731,11116933,2955555,5244000,6391296,4.56 mi x 115 kV rebuild rate (minor terminal work not priced),0,0.172,none (T = 0),0,0,0,0,0,0,false
OVL_62,DESC_06367 D - G,GPC_20796,21.59,1613,23787423,3982052,9898924,10833462,station equipment range (no miles),0,0.1705,none (T = 0),0,0,0,0,0,0,false
OVL_63,"DESC_06367 A - C, H",GPC_17075,21.82,0,34877427,3982052,9898924,10833462,station equipment range (no miles),1,0.159,mobilization; construction_mgmt,5,9,14,31657,141654,241153,false
OVL_64,"DESC_06367 A - C, H",GPC_20787,21.82,1613,34877427,3982052,9898924,10833462,station equipment range (no miles),0,0.159,none (T = 0),0,0,0,0,0,0,false
OVL_65,DESC_06367 D - G,GPC_21006,21.96,366,23787423,2955555,5244000,6391296,4.56 mi x 115 kV rebuild rate (minor terminal work not priced),0,0.152,none (T = 0),0,0,0,0,0,0,false
OVL_66,DESC_6810 O,GPC_17993,22.15,1097,3000000,3422221,6072000,7400448,5.28 mi x 115 kV rebuild rate (minor terminal work not priced),0,0.1425,none (T = 0),0,0,0,0,0,0,false
OVL_67,"DESC_06367 A - C, H",GPC_19966,22.45,0,34877427,11842500,23685000,35527500,"NO COMPARABLE: new 500/230 kV sub; mid = new-substation high, -/+50%; likely low",1,0.1275,mobilization; construction_mgmt,5,9,14,75496,271785,622562,false
OVL_68,DESC_06367 D - G,GPC_21023,22.55,1,23787423,6000000,13353848,15440000,8 mi x 230 kV rebuild rate (minor terminal work not priced),0.5,0.1225,mobilization; construction_mgmt,5,9,14,18375,73613,132398,false
OVL_69,"DESC_0139 M,N",GPC_20407,22.86,152,11116933,1944444,3450000,4204800,3 mi x 115 kV rebuild rate (minor terminal work not priced),0.5,0.107,mobilization; construction_mgmt,5,9,14,5201,16612,31494,false
OVL_70,"DESC_0139 M,N",GPC_21023,22.94,366,11116933,6000000,13353848,15440000,8 mi x 230 kV rebuild rate (minor terminal work not priced),0,0.103,none (T = 0),0,0,0,0,0,0,false
OVL_71,DESC_6808 S,GPC_21023,23.26,214,40660000,6000000,13353848,15440000,8 mi x 230 kV rebuild rate (minor terminal work not priced),0.5,0.087,mobilization; construction_mgmt,5,9,14,13050,52280,94030,false
OVL_72,"DESC_0139 M,N",GPC_20796,23.31,1978,11116933,3982052,9898924,10833462,station equipment range (no miles),0,0.0845,none (T = 0),0,0,0,0,0,0,false
OVL_73,DESC_6808 S,GPC_20784,23.33,1461,40660000,1944444,3450000,4204800,3 mi x 115 kV rebuild rate (minor terminal work not priced),0,0.0835,none (T = 0),0,0,0,0,0,0,false
OVL_74,DESC_06367 D - G,GPC_20407,23.51,0,23787423,1944444,3450000,4204800,3 mi x 115 kV rebuild rate (minor terminal work not priced),1,0.0745,mobilization; construction_mgmt,5,9,14,7243,23132,43856,false
OVL_75,DESC_6852,GPC_20793,24.12,1024,17520000,3532407,6267500,7638720,5.45 mi x 115 kV rebuild rate (minor terminal work not priced),0,0.044,none (T = 0),0,0,0,0,0,0,false
OVL_76,DESC_6852,GPC_20794,24.12,1389,17520000,5768517,10235000,12474240,8.9 mi x 115 kV rebuild rate (minor terminal work not priced),0,0.044,none (T = 0),0,0,0,0,0,0,false
OVL_77,"DESC_06367 A - C, H",GPC_19523,24.93,0,34877427,55473313,120693367,186955113,2 new substations + 22 mi new 230 kV + 2.3 mi new 115 kV (230 kV new rate n=1),1,0.0035,mobilization; construction_mgmt,5,9,14,6104,10986,17090,false
